codigo;endereco;bairro;tipo_imovel;area_util_m2;preco_r$;preco_por_m2_r$;data_cadastro;link
57FT1;Alameda Rio Claro, 190 - Suíte 1341;Bela Vista;apartamento;230;19780000;86000;2026-07-23;https://www.usenonstop.com/imoveis/renatasalomao/57FT1
W86SR;Rua Funchal, 65 - 306;Vila Olímpia;apartamento;68;4600000;67647;2026-03-26;https://www.usenonstop.com/imoveis/igorpereira/W86SR
NEZCR;Rua Funchal, 65 - 305;Vila Olímpia;apartamento;53;3500000;66038;2026-03-26;https://www.usenonstop.com/imoveis/igorpereira/NEZCR
MZYS9;Rua Funchal, 65 - 604;Vila Olímpia;apartamento;102;6300000;61765;2026-02-12;https://www.usenonstop.com/imoveis/igorpereira/MZYS9
LRHT2;Rua Funchal, 65 - 307;Vila Olímpia;apartamento;68;4200000;61765;2026-03-26;https://www.usenonstop.com/imoveis/igorpereira/LRHT2
5MG9V;Rua Ministro Gabriel de Rezende Passos, 319 - 301;Moema;apartamento;688;40921850;59479;2026-06-10;https://www.usenonstop.com/imoveis/eztec/5MG9V
KJGDM;Avenida República do Líbano, 2324 - 152;Ibirapuera;apartamento;240;13130000;54708;2026-08-04;https://www.usenonstop.com/imoveis/eztec/KJGDM
OMBWN;Rua Manuel da Nóbrega, 1506 - 121;Jardim Paulista;apartamento;301;15950000;52990;2026-01-06;https://www.usenonstop.com/imoveis/fechede/OMBWN
32UIP;Rua José Maria Lisboa, 1326 - 22;Jardim Paulista;apartamento;408;21000000;51471;2025-04-01;https://www.usenonstop.com/imoveis/fort-real-estate/32UIP
JTWIY;Avenida República do Líbano, 2324 - 61;Ibirapuera;apartamento;298;14760000;49530;2026-05-06;https://www.usenonstop.com/imoveis/eztec/JTWIY
6N5WO;Rua Afonso Braz, 251 - 211;Vila Nova Conceição;apartamento;649;32000000;49284;2023-03-01;https://www.usenonstop.com/imoveis/michaelfowler/6N5WO
JOIWY;Rua Fernandes de Abreu, 9 - 211;Itaim Bibi;apartamento;500;24500000;49000;2026-04-28;https://www.usenonstop.com/imoveis/gabrieladonat/JOIWY
WU2AW;Alameda dos Arapanés, 65 - 121;Moema;apartamento;298;13900000;46644;2026-04-28;https://www.usenonstop.com/imoveis/carlos-junior2/WU2AW
JPZ77;Rua Achilles Masetti, 105 - 221;Paraíso;apartamento;554;25500000;46029;2026-06-13;https://www.usenonstop.com/imoveis/eztec/JPZ77
2LF43;Alameda Franca, 1166 - 519;Jardim Paulista;apartamento;27;1190000;44074;2026-08-12;https://www.usenonstop.com/imoveis/sacadadoape/2LF43
AP09R;Rua Pedroso Alvarenga, 760 - 72;Itaim Bibi;apartamento;151;6500000;43046;2026-09-04;https://www.usenonstop.com/imoveis/gabrieladonat/AP09R
I1ERW;Rua da Consolação, 3358 - 25, 26 e 27;Cerqueira César;apartamento;54;2300000;42593;2026-04-14;https://www.usenonstop.com/imoveis/oneluxo/I1ERW
3S86F;Rua Coronel Joaquim Ferreira Lobo, 331 - 72;Vila Nova Conceição;apartamento;61;2590000;42459;2026-05-07;https://www.usenonstop.com/imoveis/cristinagurenkoff/3S86F
5949T;Rua Salvador Cardoso, 176 - 81;Itaim Bibi;apartamento;453;19200000;42384;2026-02-01;https://www.usenonstop.com/imoveis/zambon/5949T
733M3;Rua Francisco Leitão, 200 - 251;Pinheiros;apartamento;178;7500000;42135;2026-07-22;https://www.usenonstop.com/imoveis/encaixeimoveis/733M3
3VB86;Rua Quatá, 821 - 18;Vila Olímpia;apartamento;152;6400000;42105;2026-03-31;https://www.usenonstop.com/imoveis/fabio-marques/3VB86
7X6Z8;Rua Nicolau Gagliardi, 354 - 101;Pinheiros;apartamento;352;14500000;41193;2025-10-29;https://www.usenonstop.com/imoveis/susanhakim/7X6Z8
DWK84;Rua Oscar Freire, 900 - 607;Cerqueira César;apartamento;39;1600000;41026;2025-01-07;https://www.usenonstop.com/imoveis/eduardovicente/DWK84
XW367;Rua Alves Guimarães, 201 - 201;Pinheiros;apartamento;340;13900000;40882;2026-07-02;https://www.usenonstop.com/imoveis/norma-kobbi/XW367
BPF7L;Rua Fernandes de Abreu, 288 - 51;Itaim Bibi;apartamento;497;19900000;40040;2026-09-25;https://www.usenonstop.com/imoveis/gaiaestates/BPF7L
