bairro,tipo,janela_meses,meses_com_dado,periodo_inicio,periodo_fim,n_vendas_limpas,p25,mediana,p75,poucas_vendas
Aclimação,apartamento,12,12,2025-07,2026-06,782,265000.0,454500.0,796250.0,False
Aclimação,casa,12,12,2025-07,2026-06,58,572500.0,750000.0,1246500.0,False
Alto da Boa Vista,apartamento,12,12,2025-07,2026-06,305,370000.0,554369.4,865000.0,False
Alto da Boa Vista,casa,12,12,2025-07,2026-06,51,1012500.0,2000000.0,3201000.0,False
Alto da Lapa,apartamento,12,12,2025-07,2026-06,166,672950.0,976850.0,1600000.0,False
Alto da Lapa,casa,12,12,2025-07,2026-06,60,972500.0,1395000.0,2365000.0,False
Alto da Mooca,apartamento,12,12,2025-07,2026-06,320,300000.0,400000.0,596000.0,False
Alto da Mooca,casa,12,12,2025-07,2026-06,133,420000.0,600000.0,850000.0,False
Alto de Pinheiros,apartamento,12,12,2025-07,2026-06,102,485000.0,1590000.0,4650000.0,False
Alto de Pinheiros,casa,12,12,2025-07,2026-06,64,2983750.0,4500000.0,6642500.0,False
Bela Vista,apartamento,12,12,2025-07,2026-06,1318,271053.15,395000.0,640000.0,False
Bela Vista,casa,24,24,2024-07,2026-06,41,505000.0,589000.0,845600.0,False
Bosque da Saúde,apartamento,12,12,2025-07,2026-06,43,420000.0,611000.0,853500.0,False
Bosque da Saúde,casa,12,12,2025-07,2026-06,31,457500.0,650000.0,920000.0,False
Brooklin,apartamento,12,12,2025-07,2026-06,903,566750.6,850000.0,1346250.0,False
Brooklin,casa,12,12,2025-07,2026-06,132,760000.0,1225000.0,2000000.0,False
Cambuci,apartamento,12,12,2025-07,2026-06,543,280000.0,355000.0,462000.0,False
Cambuci,casa,12,12,2025-07,2026-06,49,415000.0,495000.0,630000.0,False
Campo Belo,apartamento,12,12,2025-07,2026-06,849,470000.0,763203.5,1470423.5,False
Campo Belo,casa,12,12,2025-07,2026-06,112,649750.0,1205000.0,2110032.8,False
Cerqueira César,apartamento,12,12,2025-07,2026-06,1104,457898.05,890699.68,1835000.0,False
Cerqueira César,casa,36,30,2024-01,2026-06,33,620000.0,2300000.0,3600000.0,False
Chácara Inglesa,apartamento,12,12,2025-07,2026-06,132,381750.0,534854.56,890000.0,False
Chácara Inglesa,casa,36,30,2024-01,2026-06,24,662750.0,747500.0,882500.0,True
Chácara Santo Antônio,apartamento,12,12,2025-07,2026-06,712,405488.75,550000.0,1102300.0,False
Chácara Santo Antônio,casa,12,12,2025-07,2026-06,96,665000.0,956500.0,1413750.0,False
Cidade Monções,apartamento,12,12,2025-07,2026-06,40,207500.0,692500.0,2657500.0,False
Cidade Monções,casa,36,30,2024-01,2026-06,17,800000.0,1300000.0,2700000.0,True
Consolação,apartamento,12,12,2025-07,2026-06,1226,255714.08,345000.0,513628.5,False
Consolação,casa,36,30,2024-01,2026-06,8,995000.0,3472685.0,8012500.0,True
Higienópolis,apartamento,12,12,2025-07,2026-06,391,950000.0,1470000.0,2055000.0,False
Higienópolis,casa,36,30,2024-01,2026-06,2,3450000.0,3500000.0,3550000.0,True
Ibirapuera,apartamento,12,12,2025-07,2026-06,446,608475.0,940000.0,1797500.0,False
Ibirapuera,casa,12,12,2025-07,2026-06,51,667500.0,898000.0,1575000.0,False
Indianópolis,apartamento,12,12,2025-07,2026-06,847,500000.0,747000.0,1352500.0,False
Indianópolis,casa,12,12,2025-07,2026-06,38,950000.0,1472000.0,2575000.0,False
Ipiranga,apartamento,12,12,2025-07,2026-06,1236,319566.59,486915.38,790000.0,False
Ipiranga,casa,12,12,2025-07,2026-06,290,360000.0,510000.0,700000.0,False
Itaim Bibi,apartamento,12,12,2025-07,2026-06,490,750625.0,1320000.0,2683427.75,False
Itaim Bibi,casa,12,12,2025-07,2026-06,33,400000.0,3000000.0,4267895.3,False
Jardim Aeroporto,apartamento,12,12,2025-07,2026-06,150,296000.0,452500.0,732250.0,False
Jardim Aeroporto,casa,12,12,2025-07,2026-06,56,500000.0,630000.0,735250.0,False
Jardim América,apartamento,12,12,2025-07,2026-06,529,550000.0,850000.0,1450000.0,False
Jardim América,casa,12,12,2025-07,2026-06,39,3688316.26,8000000.0,15250000.0,False
Jardim Anália Franco,apartamento,12,12,2025-07,2026-06,52,636804.08,950000.0,1525000.0,False
Jardim Anália Franco,casa,36,30,2024-01,2026-06,13,550000.0,820000.0,1150000.0,True
Jardim Europa,apartamento,24,24,2024-07,2026-06,46,2000003.75,3622500.0,8875000.0,False
Jardim Europa,casa,24,24,2024-07,2026-06,47,6000000.0,9460000.0,14400000.0,False
Jardim Novo Mundo,apartamento,36,30,2024-01,2026-06,8,577500.0,745000.0,998750.0,True
Jardim Novo Mundo,casa,36,30,2024-01,2026-06,18,1553750.0,1737500.0,2843500.0,True
Jardim Paulista,apartamento,12,12,2025-07,2026-06,1152,659821.03,1157845.75,2200000.0,False
Jardim Paulista,casa,12,12,2025-07,2026-06,45,2384500.0,4322500.0,6600000.0,False
Jardim Paulistano,apartamento,12,12,2025-07,2026-06,49,1850000.0,3000000.0,7831000.0,False
Jardim Paulistano,casa,24,24,2024-07,2026-06,62,3462500.0,5250000.0,12195000.0,False
Jardim Petrópolis,apartamento,36,30,2024-01,2026-06,33,435000.0,475000.0,525000.0,False
Jardim Petrópolis,casa,24,24,2024-07,2026-06,30,1300000.0,2300000.0,3565000.0,False
Jardim Santo Amaro,apartamento,12,12,2025-07,2026-06,30,450300.0,527500.0,825000.0,False
Jardim Santo Amaro,casa,36,30,2024-01,2026-06,24,276250.0,975000.0,1475000.0,True
Jardim Vila Mariana,apartamento,24,24,2024-07,2026-06,51,670000.0,1065000.0,1400000.0,False
Jardim Vila Mariana,casa,36,30,2024-01,2026-06,5,1000000.0,1230000.0,1580000.0,True
Jardim da Glória,apartamento,12,12,2025-07,2026-06,37,520000.0,745000.0,1000000.0,False
Jardim da Glória,casa,24,24,2024-07,2026-06,39,665133.26,890000.0,1150000.0,False
Jardim da Saúde,apartamento,12,12,2025-07,2026-06,52,280000.0,400000.0,611250.0,False
Jardim da Saúde,casa,12,12,2025-07,2026-06,45,590000.0,740000.0,1390000.0,False
Jardim das Acácias,apartamento,12,12,2025-07,2026-06,114,371250.0,706500.0,932500.0,False
Jardim das Acácias,casa,36,30,2024-01,2026-06,16,461250.0,946115.52,1163980.75,True
Jardim das Bandeiras,apartamento,36,30,2024-01,2026-06,8,697500.0,767500.0,850000.0,True
Jardim das Bandeiras,casa,36,30,2024-01,2026-06,24,2055000.0,2535000.0,3225000.0,True
Jardim dos Estados,apartamento,36,30,2024-01,2026-06,18,413625.0,489500.0,563250.0,True
Jardim dos Estados,casa,24,24,2024-07,2026-06,33,3075000.0,4126600.0,5044190.4,False
Jardins,apartamento,24,24,2024-07,2026-06,63,1040000.0,1700000.0,3025000.0,False
Jardins,casa,36,30,2024-01,2026-06,2,2667500.0,3535000.0,4402500.0,True
Lapa,apartamento,12,12,2025-07,2026-06,1019,325000.0,550000.0,940183.25,False
Lapa,casa,12,12,2025-07,2026-06,125,515000.0,850000.0,1370000.0,False
Mirandópolis,apartamento,12,12,2025-07,2026-06,188,377500.0,520000.0,780000.0,False
Mirandópolis,casa,12,12,2025-07,2026-06,40,653750.0,835000.0,1198425.0,False
Moema,apartamento,12,12,2025-07,2026-06,598,620000.0,960000.0,1585500.0,False
Moema,casa,24,24,2024-07,2026-06,47,1315000.0,1765000.0,2525000.0,False
Moinho Velho,apartamento,12,12,2025-07,2026-06,194,310569.0,420000.0,513750.0,False
Moinho Velho,casa,12,12,2025-07,2026-06,67,362500.0,500000.0,650000.0,False
Mooca,apartamento,12,12,2025-07,2026-06,1273,285000.0,400000.0,645000.0,False
Mooca,casa,12,12,2025-07,2026-06,209,400000.0,550000.0,830000.0,False
Pacaembu,apartamento,12,12,2025-07,2026-06,40,761994.12,1120000.0,1712961.27,False
Pacaembu,casa,24,24,2024-07,2026-06,57,1900000.0,2850000.0,3700000.0,False
Paraíso,apartamento,12,12,2025-07,2026-06,526,450000.0,773000.0,1200000.0,False
Paraíso,casa,36,30,2024-01,2026-06,25,1200000.0,3501005.32,4208676.0,True
Parque Fongaro,apartamento,12,12,2025-07,2026-06,31,240000.0,260000.0,292500.0,False
Parque Fongaro,casa,24,24,2024-07,2026-06,30,350000.0,407500.0,507500.0,False
Parque da Mooca,apartamento,12,12,2025-07,2026-06,106,441250.0,680000.0,1187500.0,False
Parque da Mooca,casa,24,24,2024-07,2026-06,41,525000.0,833000.0,1250000.0,False
Perdizes,apartamento,12,12,2025-07,2026-06,1659,458580.62,740000.0,1250000.0,False
Perdizes,casa,12,12,2025-07,2026-06,78,850000.0,1200000.0,1840593.21,False
Pinheiros,apartamento,12,12,2025-07,2026-06,1082,391700.0,710000.0,1199081.82,False
Pinheiros,casa,12,12,2025-07,2026-06,79,1125750.0,2000000.0,3172500.0,False
Planalto Paulista,apartamento,12,12,2025-07,2026-06,92,450000.0,747500.0,903750.0,False
Planalto Paulista,casa,12,12,2025-07,2026-06,101,625000.0,850000.0,1435000.0,False
Pompéia,apartamento,12,12,2025-07,2026-06,429,547000.0,715000.0,1000000.0,False
Pompéia,casa,12,12,2025-07,2026-06,41,700000.0,936500.0,1315000.0,False
Santa Cecília,apartamento,12,12,2025-07,2026-06,1382,300175.9,459500.0,850000.0,False
Santa Cecília,casa,36,30,2024-01,2026-06,24,435000.0,725000.0,2300000.0,True
Santo Amaro,apartamento,12,12,2025-07,2026-06,336,385000.0,700000.0,1100549.23,False
Santo Amaro,casa,12,12,2025-07,2026-06,45,500000.0,620000.0,750000.0,False
Saúde,apartamento,12,12,2025-07,2026-06,2050,310002.74,470000.0,720000.0,False
Saúde,casa,12,12,2025-07,2026-06,241,430000.0,560000.0,850000.0,False
Sumarezinho,apartamento,12,12,2025-07,2026-06,150,422500.0,630000.0,979868.75,False
Sumarezinho,casa,36,30,2024-01,2026-06,35,900000.0,1460000.0,1828500.0,False
Sumaré,apartamento,12,12,2025-07,2026-06,118,612500.0,892500.0,1316400.0,False
Sumaré,casa,12,12,2025-07,2026-06,31,1495000.0,1900000.0,2625000.0,False
Tatuapé,apartamento,12,12,2025-07,2026-06,2240,365000.0,550000.0,900000.0,False
Tatuapé,casa,12,12,2025-07,2026-06,439,427500.0,600000.0,800000.0,False
Vila Antonieta,apartamento,12,12,2025-07,2026-06,191,278723.45,335000.0,383844.09,False
Vila Antonieta,casa,12,12,2025-07,2026-06,73,370000.0,450000.0,580000.0,False
Vila Bertioga,apartamento,12,12,2025-07,2026-06,57,432400.0,590000.0,1025000.0,False
Vila Bertioga,casa,12,12,2025-07,2026-06,31,397500.0,613000.0,1075000.0,False
Vila Clementino,apartamento,12,12,2025-07,2026-06,387,354500.0,615000.0,1100000.0,False
Vila Clementino,casa,12,12,2025-07,2026-06,36,747500.0,1127000.0,1789674.42,False
Vila Cordeiro,apartamento,12,12,2025-07,2026-06,87,285395.5,300000.0,517500.0,False
Vila Cordeiro,casa,36,30,2024-01,2026-06,34,712500.0,925000.0,1565100.0,False
Vila Firmiano Pinto,apartamento,12,12,2025-07,2026-06,159,318636.55,370000.0,516596.38,False
Vila Firmiano Pinto,casa,36,30,2024-01,2026-06,7,670000.0,830000.0,1130276.01,True
Vila Gomes Cardim,apartamento,12,12,2025-07,2026-06,57,535288.0,960000.0,1500000.0,False
Vila Gomes Cardim,casa,36,30,2024-01,2026-06,26,543750.0,785000.0,1100000.0,True
Vila Gumercindo,apartamento,12,12,2025-07,2026-06,141,422400.0,540000.0,1060000.0,False
Vila Gumercindo,casa,24,24,2024-07,2026-06,31,482000.0,620000.0,750000.0,False
Vila Ipojuca,apartamento,12,12,2025-07,2026-06,60,560000.0,745276.5,1087500.0,False
Vila Ipojuca,casa,24,24,2024-07,2026-06,35,482500.0,800000.0,1560000.0,False
Vila Leopoldina,apartamento,12,12,2025-07,2026-06,407,619000.0,890000.0,1580237.4,False
Vila Leopoldina,casa,12,12,2025-07,2026-06,30,586500.0,692745.0,811250.0,False
Vila Madalena,apartamento,12,12,2025-07,2026-06,358,560000.0,960000.0,1665000.0,False
Vila Madalena,casa,12,12,2025-07,2026-06,86,1450000.0,1978923.24,2837500.0,False
Vila Mariana,apartamento,12,12,2025-07,2026-06,1910,455782.5,735250.0,1277062.5,False
Vila Mariana,casa,12,12,2025-07,2026-06,119,850000.0,1350000.0,2220000.0,False
Vila Monumento,apartamento,12,12,2025-07,2026-06,66,346250.0,460000.0,617500.0,False
Vila Monumento,casa,12,12,2025-07,2026-06,34,551250.0,792500.0,969982.25,False
Vila Nova Conceição,apartamento,12,12,2025-07,2026-06,215,1250000.0,2800000.0,6000000.0,False
Vila Nova Conceição,casa,24,24,2024-07,2026-06,45,2100000.0,4100000.0,9100000.0,False
Vila Nova Manchester,apartamento,12,12,2025-07,2026-06,56,229500.0,305000.0,437750.0,False
Vila Nova Manchester,casa,24,24,2024-07,2026-06,55,400000.0,530000.0,795000.0,False
Vila Olímpia,apartamento,12,12,2025-07,2026-06,816,362640.84,630779.67,1192500.0,False
Vila Olímpia,casa,24,24,2024-07,2026-06,53,1400000.0,2353874.68,3450000.0,False
Vila Regente Feijó,apartamento,12,12,2025-07,2026-06,154,374185.75,682500.0,1168750.0,False
Vila Regente Feijó,casa,24,24,2024-07,2026-06,44,400000.0,571000.0,756250.0,False
Vila Romana,apartamento,12,12,2025-07,2026-06,143,651500.0,1069000.0,1675000.0,False
Vila Romana,casa,12,12,2025-07,2026-06,49,695000.0,1160000.0,1450000.0,False
Vila São Francisco,apartamento,12,12,2025-07,2026-06,193,420000.0,785000.0,1050000.0,False
Vila São Francisco,casa,12,12,2025-07,2026-06,56,415000.0,600000.0,832500.0,False
Vila Uberabinha,apartamento,24,24,2024-07,2026-06,55,840000.0,1260000.0,1846259.0,False
Vila Uberabinha,casa,36,30,2024-01,2026-06,2,1925000.0,1925000.0,1925000.0,True
Vila da Saúde,apartamento,12,12,2025-07,2026-06,35,370000.0,500000.0,680000.0,False
Vila da Saúde,casa,36,30,2024-01,2026-06,5,500000.0,550000.0,750000.0,True
Vila das Mercês,apartamento,12,12,2025-07,2026-06,132,264750.0,309260.0,410000.0,False
Vila das Mercês,casa,24,24,2024-07,2026-06,61,335000.0,425000.0,594000.0,False
