faixa_preco,bairro,n_anuncios,area_p25,area_mediana,area_p75,dormitorios_mediana,vagas_mediana,amostra_pequena,data_extracao
R$ 400-500 mil,Alto da Boa Vista,2,31.2,31.5,31.8,1.0,0.5,True,2026-10-01T19:01:14Z
R$ 400-500 mil,Brooklin,10,23.2,24.5,25.0,1.0,0.0,False,2026-10-01T19:01:14Z
R$ 400-500 mil,Paraíso,4,22.5,23.5,25.8,1.0,0.0,True,2026-10-01T19:01:14Z
R$ 400-500 mil,Perdizes,10,25.2,28.0,32.2,1.0,0.0,False,2026-10-01T19:01:14Z
R$ 400-500 mil,Saúde,3,39.5,40,47.0,1,1,True,2026-10-01T19:01:14Z
R$ 400-500 mil,Tatuapé,2,47.0,52.0,57.0,1.5,1.5,True,2026-10-01T19:01:14Z
R$ 400-500 mil,Vila Mariana,14,22.2,25.5,29.5,1.0,0.0,False,2026-10-01T19:01:14Z
R$ 400-500 mil,Vila Nova Conceição,1,30,30,30,1,1,True,2026-10-01T19:01:14Z
R$ 750-850 mil,Aclimação,5,86.0,88,93.0,2,1,False,2026-10-01T19:01:14Z
R$ 750-850 mil,Alto da Boa Vista,2,60.5,61.0,61.5,2.0,1.0,True,2026-10-01T19:01:14Z
R$ 750-850 mil,Alto da Lapa,2,58.5,59.0,59.5,2.0,1.5,True,2026-10-01T19:01:14Z
R$ 750-850 mil,Alto de Pinheiros,1,67,67,67,2,1,True,2026-10-01T19:01:14Z
R$ 750-850 mil,Bela Vista,5,50.0,95,96.0,2,1,False,2026-10-01T19:01:14Z
R$ 750-850 mil,Bosque da Saúde,2,81.0,82.0,83.0,3.0,1.5,True,2026-10-01T19:01:14Z
R$ 750-850 mil,Brooklin,3,62.5,67,77.5,2,1,True,2026-10-01T19:01:14Z
R$ 750-850 mil,Cambuci,1,135,135,135,3,1,True,2026-10-01T19:01:14Z
R$ 750-850 mil,Campo Belo,4,48.2,49.0,65.2,1.0,1.0,True,2026-10-01T19:01:14Z
R$ 750-850 mil,Cerqueira César,3,34.0,44,54.5,1,1,True,2026-10-01T19:01:14Z
R$ 750-850 mil,Chácara Inglesa,4,67.8,79.0,90.8,3.0,2.0,True,2026-10-01T19:01:14Z
R$ 750-850 mil,Cidade Monções,1,42,42,42,1,1,True,2026-10-01T19:01:14Z
R$ 750-850 mil,Consolação,5,53.0,84,93.0,2,1,False,2026-10-01T19:01:14Z
R$ 750-850 mil,Higienópolis,4,38.5,41.0,48.5,1.0,0.0,True,2026-10-01T19:01:14Z
R$ 750-850 mil,Indianópolis,2,39.0,41.0,43.0,1.0,0.5,True,2026-10-01T19:01:14Z
R$ 750-850 mil,Ipiranga,4,67.2,68.5,71.2,3.0,1.5,True,2026-10-01T19:01:14Z
R$ 750-850 mil,Itaim Bibi,4,36.2,41.0,48.0,1.0,0.5,True,2026-10-01T19:01:14Z
R$ 750-850 mil,Jardim Paulista,9,35.0,52,78.0,1,1,False,2026-10-01T19:01:14Z
R$ 750-850 mil,Jardim Vila Mariana,2,71.0,72.0,73.0,2.0,1.5,True,2026-10-01T19:01:14Z
R$ 750-850 mil,Jardim das Acácias,1,86,86,86,2,1,True,2026-10-01T19:01:14Z
R$ 750-850 mil,Mirandópolis,1,58,58,58,2,2,True,2026-10-01T19:01:14Z
R$ 750-850 mil,Moema,9,43.0,60,70.0,2,1,False,2026-10-01T19:01:14Z
R$ 750-850 mil,Mooca,1,109,109,109,3,0,True,2026-10-01T19:01:14Z
R$ 750-850 mil,Paraíso,4,59.8,96.5,134.5,2.5,1.0,True,2026-10-01T19:01:14Z
R$ 750-850 mil,Perdizes,14,42.5,50.5,79.8,1.5,1.0,False,2026-10-01T19:01:14Z
R$ 750-850 mil,Pinheiros,13,37.0,49,79.0,1,1,False,2026-10-01T19:01:14Z
R$ 750-850 mil,Planalto Paulista,1,91,91,91,3,1,True,2026-10-01T19:01:14Z
R$ 750-850 mil,Pompéia,6,50.0,55.0,73.5,2.0,1.0,False,2026-10-01T19:01:14Z
R$ 750-850 mil,Santa Cecília,1,50,50,50,1,1,True,2026-10-01T19:01:14Z
R$ 750-850 mil,Saúde,3,64.5,65,70.0,2,1,True,2026-10-01T19:01:14Z
R$ 750-850 mil,Sumarezinho,2,52.0,67.0,82.0,2.0,1.0,True,2026-10-01T19:01:14Z
R$ 750-850 mil,Tatuapé,3,76.5,85,106.0,3,2,True,2026-10-01T19:01:14Z
R$ 750-850 mil,Vila Clementino,5,50.0,51,54.0,1,1,False,2026-10-01T19:01:14Z
R$ 750-850 mil,Vila Cordeiro,1,51,51,51,1,1,True,2026-10-01T19:01:14Z
R$ 750-850 mil,Vila Gumercindo,1,75,75,75,2,2,True,2026-10-01T19:01:14Z
R$ 750-850 mil,Vila Ipojuca,2,62.0,62.0,62.0,2.0,2.0,True,2026-10-01T19:01:14Z
R$ 750-850 mil,Vila Leopoldina,4,60.2,69.0,80.5,2.0,1.0,True,2026-10-01T19:01:14Z
R$ 750-850 mil,Vila Madalena,3,68.0,86,91.5,2,1,True,2026-10-01T19:01:14Z
R$ 750-850 mil,Vila Mariana,18,42.0,65.0,83.8,2.0,1.0,False,2026-10-01T19:01:14Z
R$ 750-850 mil,Vila Monumento,2,120.2,120.5,120.8,2.0,1.5,True,2026-10-01T19:01:14Z
R$ 750-850 mil,Vila Nova Conceição,3,26.0,28,29.5,1,0,True,2026-10-01T19:01:14Z
R$ 750-850 mil,Vila Olímpia,9,51.0,64,70.0,2,1,False,2026-10-01T19:01:14Z
R$ 750-850 mil,Vila Romana,4,60.0,65.0,73.0,2.0,1.0,True,2026-10-01T19:01:14Z
R$ 750-850 mil,Vila Uberabinha,2,60.0,64.0,68.0,2.0,1.0,True,2026-10-01T19:01:14Z
"R$ 1,4-1,6 mi",Aclimação,2,205.0,212.0,219.0,3.0,2.5,True,2026-10-01T19:01:14Z
"R$ 1,4-1,6 mi",Alto de Pinheiros,1,93,93,93,2,2,True,2026-10-01T19:01:14Z
"R$ 1,4-1,6 mi",Bela Vista,3,145.5,146,150.5,4,1,True,2026-10-01T19:01:14Z
"R$ 1,4-1,6 mi",Brooklin,12,94.0,97.5,134.0,3.0,2.0,False,2026-10-01T19:01:14Z
"R$ 1,4-1,6 mi",Campo Belo,7,128.5,172,193.0,3,2,False,2026-10-01T19:01:14Z
"R$ 1,4-1,6 mi",Cerqueira César,4,46.5,59.5,88.5,1.5,0.5,True,2026-10-01T19:01:14Z
"R$ 1,4-1,6 mi",Chácara Inglesa,1,104,104,104,2,2,True,2026-10-01T19:01:14Z
"R$ 1,4-1,6 mi",Cidade Monções,1,94,94,94,3,2,True,2026-10-01T19:01:14Z
"R$ 1,4-1,6 mi",Higienópolis,3,144.0,154,181.5,3,1,True,2026-10-01T19:01:14Z
"R$ 1,4-1,6 mi",Indianópolis,3,83.0,90,95.5,2,2,True,2026-10-01T19:01:14Z
"R$ 1,4-1,6 mi",Ipiranga,4,134.5,165.0,195.5,3.0,2.0,True,2026-10-01T19:01:14Z
"R$ 1,4-1,6 mi",Itaim Bibi,5,70.0,86,96.0,3,1,False,2026-10-01T19:01:14Z
"R$ 1,4-1,6 mi",Jardim América,1,113,113,113,2,1,True,2026-10-01T19:01:14Z
"R$ 1,4-1,6 mi",Jardim Paulista,5,46.0,87,100.0,2,1,False,2026-10-01T19:01:14Z
"R$ 1,4-1,6 mi",Jardim Paulistano,1,60,60,60,2,1,True,2026-10-01T19:01:14Z
"R$ 1,4-1,6 mi",Jardim da Glória,2,129.0,129.0,129.0,2.5,2.0,True,2026-10-01T19:01:14Z
"R$ 1,4-1,6 mi",Jardim da Saúde,1,154,154,154,2,2,True,2026-10-01T19:01:14Z
"R$ 1,4-1,6 mi",Jardim das Acácias,1,86,86,86,2,1,True,2026-10-01T19:01:14Z
"R$ 1,4-1,6 mi",Lapa,2,122.5,145.0,167.5,3.0,2.0,True,2026-10-01T19:01:14Z
"R$ 1,4-1,6 mi",Mirandópolis,1,140,140,140,3,2,True,2026-10-01T19:01:14Z
"R$ 1,4-1,6 mi",Moema,9,80.0,95,97.0,3,2,False,2026-10-01T19:01:14Z
"R$ 1,4-1,6 mi",Pacaembu,1,230,230,230,4,4,True,2026-10-01T19:01:14Z
"R$ 1,4-1,6 mi",Paraíso,2,106.0,122.0,138.0,2.5,1.0,True,2026-10-01T19:01:14Z
"R$ 1,4-1,6 mi",Perdizes,14,104.8,138.0,182.2,3.0,2.0,False,2026-10-01T19:01:14Z
"R$ 1,4-1,6 mi",Pinheiros,14,75.5,101.5,119.0,2.5,1.0,False,2026-10-01T19:01:14Z
"R$ 1,4-1,6 mi",Planalto Paulista,2,116.8,127.5,138.2,2.5,2.0,True,2026-10-01T19:01:14Z
"R$ 1,4-1,6 mi",Santa Cecília,3,109.5,129,148.0,3,1,True,2026-10-01T19:01:14Z
"R$ 1,4-1,6 mi",Saúde,1,94,94,94,2,2,True,2026-10-01T19:01:14Z
"R$ 1,4-1,6 mi",Sumaré,2,89.2,106.5,123.8,2.5,0.5,True,2026-10-01T19:01:14Z
"R$ 1,4-1,6 mi",Vila Clementino,6,80.0,95.0,135.5,2.0,2.0,False,2026-10-01T19:01:14Z
"R$ 1,4-1,6 mi",Vila Gumercindo,1,131,131,131,3,2,True,2026-10-01T19:01:14Z
"R$ 1,4-1,6 mi",Vila Ipojuca,3,119.0,142,143.5,3,2,True,2026-10-01T19:01:14Z
"R$ 1,4-1,6 mi",Vila Leopoldina,5,89.0,90,95.0,2,2,False,2026-10-01T19:01:14Z
"R$ 1,4-1,6 mi",Vila Madalena,1,70,70,70,2,1,True,2026-10-01T19:01:14Z
"R$ 1,4-1,6 mi",Vila Mariana,9,102.0,114,122.0,3,2,False,2026-10-01T19:01:14Z
"R$ 1,4-1,6 mi",Vila Monumento,1,108,108,108,3,2,True,2026-10-01T19:01:14Z
"R$ 1,4-1,6 mi",Vila Nova Conceição,2,108.0,119.0,130.0,2.5,1.5,True,2026-10-01T19:01:14Z
"R$ 1,4-1,6 mi",Vila Olímpia,5,54.0,57,92.0,1,1,False,2026-10-01T19:01:14Z
"R$ 1,4-1,6 mi",Vila Romana,4,88.0,90.0,92.0,2.0,2.5,True,2026-10-01T19:01:14Z
"R$ 2,3-2,7 mi",Aclimação,3,204.0,214,225.0,3,3,True,2026-10-01T19:01:14Z
"R$ 2,3-2,7 mi",Bela Vista,1,341,341,341,5,2,True,2026-10-01T19:01:14Z
"R$ 2,3-2,7 mi",Brooklin,6,143.2,161.0,193.0,3.0,2.5,False,2026-10-01T19:01:14Z
"R$ 2,3-2,7 mi",Campo Belo,12,125.8,161.5,195.8,3.0,2.0,False,2026-10-01T19:01:14Z
"R$ 2,3-2,7 mi",Cerqueira César,2,68.0,82.0,96.0,2.5,1.5,True,2026-10-01T19:01:14Z
"R$ 2,3-2,7 mi",Cidade Monções,2,160.0,175.0,190.0,3.5,3.5,True,2026-10-01T19:01:14Z
"R$ 2,3-2,7 mi",Consolação,1,180,180,180,3,1,True,2026-10-01T19:01:14Z
"R$ 2,3-2,7 mi",Higienópolis,2,214.8,219.5,224.2,2.5,2.0,True,2026-10-01T19:01:14Z
"R$ 2,3-2,7 mi",Indianópolis,5,121.0,194,198.0,3,3,False,2026-10-01T19:01:14Z
"R$ 2,3-2,7 mi",Ipiranga,2,140.0,140.0,140.0,3.0,2.5,True,2026-10-01T19:01:14Z
"R$ 2,3-2,7 mi",Itaim Bibi,7,147.5,180,191.5,3,2,False,2026-10-01T19:01:14Z
"R$ 2,3-2,7 mi",Jardim América,1,70,70,70,1,1,True,2026-10-01T19:01:14Z
"R$ 2,3-2,7 mi",Jardim Paulista,4,138.5,163.0,177.5,3.0,2.0,True,2026-10-01T19:01:14Z
"R$ 2,3-2,7 mi",Jardim Paulistano,2,145.5,170.0,194.5,3.0,2.0,True,2026-10-01T19:01:14Z
"R$ 2,3-2,7 mi",Jardim da Glória,2,120.5,133.0,145.5,2.5,2.0,True,2026-10-01T19:01:14Z
"R$ 2,3-2,7 mi",Jardim das Acácias,2,156.2,167.5,178.8,3.0,2.5,True,2026-10-01T19:01:14Z
"R$ 2,3-2,7 mi",Moema,7,147.5,165,200.0,4,3,False,2026-10-01T19:01:14Z
"R$ 2,3-2,7 mi",Paraíso,3,159.5,175,187.0,3,3,True,2026-10-01T19:01:14Z
"R$ 2,3-2,7 mi",Perdizes,8,157.0,169.0,196.5,4.0,2.5,False,2026-10-01T19:01:14Z
"R$ 2,3-2,7 mi",Pinheiros,3,119.0,127,135.0,3,1,True,2026-10-01T19:01:14Z
"R$ 2,3-2,7 mi",Santa Cecília,2,207.5,229.0,250.5,3.0,2.0,True,2026-10-01T19:01:14Z
"R$ 2,3-2,7 mi",Saúde,1,160,160,160,4,4,True,2026-10-01T19:01:14Z
"R$ 2,3-2,7 mi",Sumaré,5,129.0,129,201.0,3,3,False,2026-10-01T19:01:14Z
"R$ 2,3-2,7 mi",Vila Clementino,1,81,81,81,3,0,True,2026-10-01T19:01:14Z
"R$ 2,3-2,7 mi",Vila Firmiano Pinto,1,177,177,177,4,2,True,2026-10-01T19:01:14Z
"R$ 2,3-2,7 mi",Vila Gumercindo,1,221,221,221,4,4,True,2026-10-01T19:01:14Z
"R$ 2,3-2,7 mi",Vila Leopoldina,1,151,151,151,3,3,True,2026-10-01T19:01:14Z
"R$ 2,3-2,7 mi",Vila Mariana,8,123.5,142.0,167.0,3.0,2.0,False,2026-10-01T19:01:14Z
"R$ 2,3-2,7 mi",Vila Nova Conceição,6,76.5,80.0,133.8,1.5,1.5,False,2026-10-01T19:01:14Z
"R$ 2,3-2,7 mi",Vila Olímpia,2,97.2,110.5,123.8,2.5,2.0,True,2026-10-01T19:01:14Z
"R$ 2,3-2,7 mi",Vila Romana,3,168.0,169,210.0,4,3,True,2026-10-01T19:01:14Z
"R$ 2,3-2,7 mi",Vila Uberabinha,1,171,171,171,2,3,True,2026-10-01T19:01:14Z
