bairro,nota_prontidao,revenda_12m,tendencia_revenda_pct,giro_12m_pct,anuncios_ativos,anuncios_perfil_vencedor_faixa_preco,estoque_fora_do_perfil,tag_busca,amostra_pequena,buscas_google_mes,data_busca_google,busca_apartamento_a_venda,busca_apartamento,busca_imoveis
Vila Mariana,83.4,2101,3.0,3.96,152,77,False,"Alto (fonte: Google Ads Keyword Planner, busca de 2026-09-21)",False,1933,2026-09-21,,,
Jardim Paulista,77.1,1236,0.4,4.08,114,64,False,"Alto (fonte: Google Ads Keyword Planner, busca de 2026-09-21)",False,320,2026-09-21,,,
Perdizes,67.1,1801,7.6,4.27,144,52,False,"Alto (fonte: Google Ads Keyword Planner, busca de 2026-09-21)",False,1330,2026-09-21,,,
Saúde,61.0,2407,1.9,3.39,38,12,False,"Médio (fonte: Google Ads Keyword Planner, busca de 2026-10-06)",False,50,2026-10-06,0,40,10
Pinheiros,60.5,1186,3.4,4.08,101,39,False,"Alto (fonte: Google Ads Keyword Planner, busca de 2026-09-21)",False,973,2026-09-21,,,
Campo Belo,60.0,988,12.0,4.41,117,40,False,"Alto (fonte: Google Ads Keyword Planner, busca de 2026-09-21)",False,630,2026-09-21,,,
Tatuapé,59.8,2860,3.8,3.35,22,11,False,"Alto (fonte: Google Ads Keyword Planner, busca de 2026-09-21)",False,1527,2026-09-21,,,
Cerqueira César,57.4,1154,1.6,4.27,29,18,False,"Médio (fonte: Google Ads Keyword Planner, busca de 2026-10-06)",False,50,2026-10-06,0,40,10
Itaim Bibi,56.0,546,0.7,3.03,69,47,False,"Alto (fonte: Google Ads Keyword Planner, busca de 2026-09-21)",False,550,2026-09-21,,,
Vila Olímpia,54.3,860,5.5,5.23,64,25,False,"Baixo (fonte: Google Ads Keyword Planner, busca de 2026-09-21)",False,27,2026-09-21,,,
Moema,53.9,661,-2.1,3.32,109,40,False,"Alto (fonte: Google Ads Keyword Planner, busca de 2026-09-21)",False,1043,2026-09-21,,,
Brooklin,53.7,1099,-5.6,3.87,153,48,False,"Alto (fonte: Google Ads Keyword Planner, busca de 2026-09-21)",False,463,2026-09-21,,,
Paraíso,53.5,559,21.5,4.14,51,20,False,"Médio (fonte: Google Ads Keyword Planner, busca de 2026-09-21)",False,193,2026-09-21,,,
Santa Cecília,51.5,1444,16.5,3.4,16,1,False,"Médio (fonte: Google Ads Keyword Planner, busca de 2026-09-21)",False,100,2026-09-21,,,
Sumaré,51.2,154,36.3,3.26,25,4,False,"Baixo (fonte: Google Ads Keyword Planner, busca de 2026-09-21)",False,27,2026-09-21,,,
Vila Madalena,51.1,451,-12.6,3.26,49,33,False,"Alto (fonte: Google Ads Keyword Planner, busca de 2026-09-21)",False,560,2026-09-21,,,
Vila Nova Conceição,51.0,250,8.2,3.6,61,32,False,"Alto (fonte: Google Ads Keyword Planner, busca de 2026-09-21)",False,413,2026-09-21,,,
Higienópolis,50.9,402,13.6,3.9,54,18,False,"Médio (fonte: Google Ads Keyword Planner, busca de 2026-09-21)",False,160,2026-09-21,,,
Indianópolis,49.9,905,-10.3,4.65,53,18,False,"Médio (fonte: Google Ads Keyword Planner, busca de 2026-09-21)",False,33,2026-09-21,,,
Aclimação,49.7,883,3.2,3.32,45,4,False,"Alto (fonte: Google Ads Keyword Planner, busca de 2026-10-06)",False,300,2026-10-06,0,290,10
Vila Clementino,45.5,440,-1.1,3.53,55,17,False,"Alto (fonte: Google Ads Keyword Planner, busca de 2026-10-06)",False,520,2026-10-06,0,480,40
Bela Vista,45.4,1384,-3.6,2.86,30,0,True,"Alto (fonte: Google Ads Keyword Planner, busca de 2026-09-21)",False,790,2026-09-21,,,
Consolação,44.3,1298,13.9,4.41,17,0,False,"Médio (fonte: Google Ads Keyword Planner, busca de 2026-09-21)",False,200,2026-09-21,,,
Planalto Paulista,42.5,206,29.6,2.96,39,19,False,"Médio (fonte: Google Ads Keyword Planner, busca de 2026-09-21)",False,53,2026-09-21,,,
Chácara Inglesa,41.9,152,26.7,3.33,12,7,False,"Baixo (fonte: Google Ads Keyword Planner, busca de 2026-09-21)",False,20,2026-09-21,,,
Pacaembu,40.8,70,4.5,3.95,13,9,False,"Médio (fonte: Google Ads Keyword Planner, busca de 2026-09-21)",True,63,2026-09-21,,,
Vila Monumento,38.4,115,26.4,2.87,10,0,True,"Médio (fonte: Google Ads Keyword Planner, busca de 2026-10-06)",False,70,2026-10-06,0,60,10
Vila Romana,38.1,203,15.3,2.92,23,12,False,"Alto (fonte: Google Ads Keyword Planner, busca de 2026-10-06)",False,380,2026-10-06,0,355,25
Alto da Lapa,38.0,236,9.3,3.7,24,11,False,"Médio (fonte: Google Ads Keyword Planner, busca de 2026-10-06)",False,235,2026-10-06,0,215,20
Bosque da Saúde,37.6,85,19.7,3.22,23,5,False,"Baixo (fonte: Google Ads Keyword Planner, busca de 2026-09-21)",True,10,2026-09-21,,,
Vila Leopoldina,37.6,449,-16.1,3.56,30,21,False,"Alto (fonte: Google Ads Keyword Planner, busca de 2026-10-06)",False,780,2026-10-06,0,720,60
Mirandópolis,37.1,237,4.4,2.77,16,2,True,"Baixo (fonte: Google Ads Keyword Planner, busca de 2026-09-21)",False,17,2026-09-21,,,
Jardim Paulistano,36.9,81,14.1,1.78,8,6,False,"Médio (fonte: Google Ads Keyword Planner, busca de 2026-10-06)",True,70,2026-10-06,0,45,25
Jardim América,36.5,588,7.3,4.46,13,5,False,"Baixo (fonte: Google Ads Keyword Planner, busca de 2026-10-06)",False,25,2026-10-06,5,10,10
Cidade Monções,36.1,50,0.0,1.72,17,13,False,"Baixo (fonte: Google Ads Keyword Planner, busca de 2026-10-06)",True,10,2026-10-06,0,10,0
Mooca,36.0,1568,1.8,3.38,17,0,False,"Alto (fonte: Google Ads Keyword Planner, busca de 2026-09-21)",False,1900,2026-09-21,,,
Ipiranga,35.8,1605,-0.8,3.32,51,4,False,"Alto (fonte: Google Ads Keyword Planner, busca de 2026-09-21)",False,743,2026-09-21,,,
Pompéia,33.7,484,13.9,3.91,21,11,False,"Médio (fonte: Google Ads Keyword Planner, busca de 2026-09-21)",False,197,2026-09-21,,,
Alto da Boa Vista,33.4,361,-5.2,3.95,19,8,False,"Alto (fonte: Google Ads Keyword Planner, busca de 2026-09-21)",False,293,2026-09-21,,,
Lapa,33.2,1194,2.5,3.55,8,0,False,"Alto (fonte: Google Ads Keyword Planner, busca de 2026-09-21)",False,600,2026-09-21,,,
Jardim da Glória,32.8,63,,2.75,18,2,False,"Baixo (fonte: Google Ads Keyword Planner, busca de 2026-09-21)",True,3,2026-09-21,,,
Jardim Vila Mariana,32.0,22,,2.73,11,6,False,"Baixo (fonte: Google Ads Keyword Planner, busca de 2026-09-21)",True,10,2026-09-21,,,
Jardim Europa,31.9,50,,2.34,9,3,False,"Médio (fonte: Google Ads Keyword Planner, busca de 2026-09-21)",True,130,2026-09-21,,,
Alto de Pinheiros,30.6,168,-9.7,2.73,15,5,False,"Médio (fonte: Google Ads Keyword Planner, busca de 2026-10-06)",False,235,2026-10-06,0,210,25
Vila Ipojuca,28.8,84,-16.8,2.84,16,5,False,"Médio (fonte: Google Ads Keyword Planner, busca de 2026-10-06)",True,100,2026-10-06,0,90,10
Vila Uberabinha,27.3,33,,3.17,8,1,False,"Baixo (fonte: Google Ads Keyword Planner, busca de 2026-09-21)",True,17,2026-09-21,,,
Sumarezinho,27.1,159,-21.7,3.9,9,5,False,"Médio (fonte: Google Ads Keyword Planner, busca de 2026-10-06)",False,45,2026-10-06,0,35,10
Vila Cordeiro,25.6,98,-16.2,3.91,9,4,False,"Baixo (fonte: Google Ads Keyword Planner, busca de 2026-09-21)",True,20,2026-09-21,,,
Jardim Petrópolis,25.2,25,,2.53,1,0,False,"Baixo (fonte: Google Ads Keyword Planner, busca de 2026-09-21)",True,10,2026-09-21,,,
Ibirapuera,24.9,515,-3.7,3.9,4,0,False,"Alto (fonte: Google Ads Keyword Planner, busca de 2026-09-21)",False,250,2026-09-21,,,
Vila da Saúde,24.1,38,,5.37,5,0,False,"Baixo (fonte: Google Ads Keyword Planner, busca de 2026-09-21)",True,10,2026-09-21,,,
Jardim das Bandeiras,24.0,11,,2.17,1,0,False,"Baixo (fonte: Google Ads Keyword Planner, busca de 2026-09-21)",True,7,2026-09-21,,,
Jardim Novo Mundo,23.1,10,,1.72,0,0,False,"Baixo (fonte: Google Ads Keyword Planner, busca de 2026-09-21)",True,10,2026-09-21,,,
Jardim Caravelas,23.0,0,,,0,0,False,"Baixo (fonte: Google Ads Keyword Planner, busca de 2026-09-21)",True,10,2026-09-21,,,
Chácara Santo Antônio,22.8,828,3.4,4.2,0,0,False,"Médio (fonte: Google Ads Keyword Planner, busca de 2026-09-21)",False,30,2026-09-21,,,
Vila Bertioga,22.6,91,23.0,3.11,0,0,False,"Baixo (fonte: Google Ads Keyword Planner, busca de 2026-10-06)",True,10,2026-10-06,0,10,0
Vila Antonieta,22.4,277,16.9,3.29,0,0,False,"Médio (fonte: Google Ads Keyword Planner, busca de 2026-10-06)",False,100,2026-10-06,0,90,10
Vila Firmiano Pinto,22.1,165,,10.56,4,1,True,"Baixo (fonte: Google Ads Keyword Planner, busca de 2026-09-21)",False,10,2026-09-21,,,
Jardim das Acácias,21.6,125,-41.6,4.23,15,4,False,"Baixo (fonte: Google Ads Keyword Planner, busca de 2026-10-06)",False,10,2026-10-06,0,10,0
Jardim Santo Amaro,21.5,38,,2.73,3,2,False,"Baixo (fonte: Google Ads Keyword Planner, busca de 2026-09-21)",True,0,2026-09-21,,,
Vila Gumercindo,21.1,168,-13.4,2.97,22,9,False,"Médio (fonte: Google Ads Keyword Planner, busca de 2026-09-21)",False,73,2026-09-21,,,
Moinho Velho,21.0,285,4.0,3.58,0,0,False,"Médio (fonte: Google Ads Keyword Planner, busca de 2026-10-06)",False,35,2026-10-06,0,30,5
Alto da Mooca,20.6,481,5.5,3.13,2,0,False,"Médio (fonte: Google Ads Keyword Planner, busca de 2026-10-06)",False,70,2026-10-06,0,70,0
Vila São Francisco,19.4,287,-6.5,2.93,0,0,False,"Médio (fonte: Google Ads Keyword Planner, busca de 2026-10-06)",False,55,2026-10-06,0,50,5
Jardim Anália Franco,19.3,72,1.4,4.24,0,0,False,"Baixo (fonte: Google Ads Keyword Planner, busca de 2026-10-06)",True,10,2026-10-06,0,10,0
Vila Regente Feijó,19.3,188,-3.6,3.26,0,0,False,"Baixo (fonte: Google Ads Keyword Planner, busca de 2026-10-06)",False,5,2026-10-06,5,0,0
Santo Amaro,19.2,395,-6.6,3.37,0,0,False,"Alto (fonte: Google Ads Keyword Planner, busca de 2026-10-06)",False,760,2026-10-06,10,720,30
Vila Nova Manchester,19.1,81,-1.2,2.57,0,0,False,"Baixo (fonte: Google Ads Keyword Planner, busca de 2026-10-06)",True,0,2026-10-06,0,0,0
Jardins,18.9,29,,5.3,0,0,False,"Alto (fonte: Google Ads Keyword Planner, busca de 2026-09-21)",True,367,2026-09-21,,,
Jardim dos Estados,18.7,27,,3.0,0,0,False,"Baixo (fonte: Google Ads Keyword Planner, busca de 2026-09-21)",True,7,2026-09-21,,,
Parque Fongaro,18.7,48,,2.16,0,0,False,"Baixo (fonte: Google Ads Keyword Planner, busca de 2026-10-06)",True,0,2026-10-06,0,0,0
Parque da Mooca,18.6,140,-11.9,3.06,1,0,False,"Médio (fonte: Google Ads Keyword Planner, busca de 2026-10-06)",False,35,2026-10-06,0,35,0
Vila das Mercês,18.5,170,-4.5,2.35,0,0,False,"Baixo (fonte: Google Ads Keyword Planner, busca de 2026-10-06)",False,15,2026-10-06,0,10,5
Vila Gomes Cardim,17.7,72,-19.1,2.27,1,1,False,"Médio (fonte: Google Ads Keyword Planner, busca de 2026-10-06)",True,80,2026-10-06,0,80,0
Jardim da Saúde,17.2,133,0.8,2.53,3,0,True,"Baixo (fonte: Google Ads Keyword Planner, busca de 2026-10-06)",False,10,2026-10-06,0,10,0
Cambuci,17.0,631,1.1,2.89,8,0,False,"Alto (fonte: Google Ads Keyword Planner, busca de 2026-09-21)",False,257,2026-09-21,,,
Jardim Aeroporto,16.1,214,4.9,3.07,1,0,False,"Médio (fonte: Google Ads Keyword Planner, busca de 2026-10-06)",False,35,2026-10-06,0,25,10
