bairro,tipo,periodo,meses_cobertos,n_vendas,n_vendas_limpas,p25,mediana,p75,amostra_pequena,variacao_pct_ano_anterior
Aclimação,apartamento,2024,jan–dez,733,708,330000.0,515060.0,920000.0,False,
Aclimação,apartamento,2025,jan–dez,791,761,288106.81,485000.0,850000.0,False,-5.8
Aclimação,apartamento,2026,jan–set,536,519,282500.0,477024.79,795000.0,False,-1.6
Aclimação,casa,2024,jan–dez,70,61,600000.0,870000.0,1490000.0,False,
Aclimação,casa,2025,jan–dez,66,56,660000.0,890000.0,1620000.0,False,2.3
Aclimação,casa,2026,jan–ago,52,41,600000.0,750000.0,1000000.0,False,-15.7
Alto da Boa Vista,apartamento,2024,jan–dez,262,257,364381.74,550000.0,879282.15,False,
Alto da Boa Vista,apartamento,2025,jan–dez,340,338,365000.0,547813.4,828750.0,False,-0.4
Alto da Boa Vista,apartamento,2026,jan–ago,224,222,345500.0,571631.76,825000.0,False,4.3
Alto da Boa Vista,casa,2024,jan–dez,58,54,1427538.17,2177500.0,3000000.0,False,
Alto da Boa Vista,casa,2025,jan–dez,54,54,962500.0,1975000.0,3160000.0,False,-9.3
Alto da Boa Vista,casa,2026,fev–ago,30,27,1255000.0,2100000.0,3297500.0,False,6.3
Alto da Lapa,apartamento,2024,jan–dez,140,134,696250.0,1110000.0,1500000.0,False,
Alto da Lapa,apartamento,2025,jan–dez,176,170,630000.0,950000.0,1580788.75,False,-14.4
Alto da Lapa,apartamento,2026,jan–ago,102,98,687300.0,1100000.0,1897500.0,False,15.8
Alto da Lapa,casa,2024,jan–dez,43,40,902500.0,1399360.0,1912500.0,False,
Alto da Lapa,casa,2025,jan–dez,65,65,1000000.0,1390000.0,2190000.0,False,-0.7
Alto da Lapa,casa,2026,jan–ago,47,44,837500.0,1407900.0,2325000.0,False,1.3
Alto da Mooca,apartamento,2024,jan–dez,304,281,315000.0,440000.0,620000.0,False,
Alto da Mooca,apartamento,2025,jan–dez,365,348,305600.0,441559.5,631250.0,False,0.4
Alto da Mooca,apartamento,2026,jan–set,203,193,270000.0,355000.0,525000.0,False,-19.6
Alto da Mooca,casa,2024,jan–dez,102,93,455000.0,580000.0,770000.0,False,
Alto da Mooca,casa,2025,jan–dez,136,131,427500.0,590000.0,766462.16,False,1.7
Alto da Mooca,casa,2026,jan–ago,87,80,423750.0,600000.0,850000.0,False,1.7
Alto de Pinheiros,apartamento,2024,jan–dez,124,122,510000.0,1621175.0,3412500.0,False,
Alto de Pinheiros,apartamento,2025,jan–dez,115,114,592250.0,2032500.0,5731250.0,False,25.4
Alto de Pinheiros,apartamento,2026,jan–ago,67,67,482500.0,1075000.0,3370293.69,False,-47.1
Alto de Pinheiros,casa,2024,jan–dez,63,61,2612500.0,3850000.0,5750000.0,False,
Alto de Pinheiros,casa,2025,jan–dez,65,62,3022500.0,4950000.0,6750000.0,False,28.6
Alto de Pinheiros,casa,2026,jan–ago,38,37,2150000.0,3700000.0,5200000.0,False,-25.3
Bela Vista,apartamento,2024,jan–dez,1414,1388,265000.0,380000.0,620000.0,False,
Bela Vista,apartamento,2025,jan–dez,1354,1295,278176.5,400000.0,640000.0,False,5.3
Bela Vista,apartamento,2026,jan–set,910,887,284500.0,400000.0,650000.0,False,0.0
Bela Vista,casa,2024,jan–dez,27,22,501250.0,617000.0,947500.0,False,
Bela Vista,casa,2025,jan–out,18,17,420000.0,578000.0,1080000.0,False,-6.3
Bela Vista,casa,2026,jan–ago,17,15,558000.0,680000.0,765000.0,False,17.6
Bosque da Saúde,apartamento,2024,fev–dez,42,41,470000.0,758243.38,937000.0,False,
Bosque da Saúde,apartamento,2025,jan–dez,64,57,400000.0,580000.0,795000.0,False,-23.5
Bosque da Saúde,apartamento,2026,mar–ago,18,17,524500.0,655000.0,1123385.1,False,12.9
Bosque da Saúde,casa,2024,jan–dez,22,22,477499.98,640000.0,841250.0,False,
Bosque da Saúde,casa,2025,jan–dez,32,27,457500.0,643084.77,900000.0,False,0.5
Bosque da Saúde,casa,2026,jan–jul,16,14,533000.0,707500.0,925000.0,False,10.0
Brooklin,apartamento,2024,jan–dez,773,758,550000.0,800000.0,1400000.0,False,
Brooklin,apartamento,2025,jan–dez,1044,1009,570000.0,850000.0,1370000.0,False,6.2
Brooklin,apartamento,2026,jan–ago,643,619,580000.0,900000.0,1544100.0,False,5.9
Brooklin,casa,2024,jan–dez,223,215,915000.0,1438200.0,2525000.0,False,
Brooklin,casa,2025,jan–dez,164,157,840000.0,1428000.0,2100000.0,False,-0.7
Brooklin,casa,2026,jan–ago,106,91,787500.0,1250000.0,2279500.0,False,-12.5
Cambuci,apartamento,2024,jan–dez,516,493,270000.0,340000.0,470000.0,False,
Cambuci,apartamento,2025,jan–dez,557,523,280000.0,360000.0,485000.0,False,5.9
Cambuci,apartamento,2026,jan–set,387,376,287675.0,370000.0,476250.0,False,2.8
Cambuci,casa,2024,fev–nov,60,50,442500.0,550000.0,848952.0,False,
Cambuci,casa,2025,jan–dez,67,56,358797.32,497500.0,674000.0,False,-9.5
Cambuci,casa,2026,jan–ago,45,37,430000.0,550000.0,750000.0,False,10.6
Campo Belo,apartamento,2024,jan–dez,676,647,477512.02,760000.0,1495000.0,False,
Campo Belo,apartamento,2025,jan–dez,876,853,468513.0,766000.0,1468221.94,False,0.8
Campo Belo,apartamento,2026,jan–set,532,520,500000.0,784362.47,1542843.5,False,2.4
Campo Belo,casa,2024,jan–dez,109,99,708243.0,1160000.0,2302500.0,False,
Campo Belo,casa,2025,jan–dez,126,114,650000.0,1075000.0,1935000.0,False,-7.3
Campo Belo,casa,2026,jan–set,73,71,725000.0,1350000.0,1987500.0,False,25.6
Cerqueira César,apartamento,2024,jan–dez,1121,1088,430000.0,900000.0,1835000.0,False,
Cerqueira César,apartamento,2025,jan–dez,1094,1051,477500.0,980000.0,2000000.0,False,8.9
Cerqueira César,apartamento,2026,jan–set,744,727,450000.0,877000.0,1800000.0,False,-10.5
Cerqueira César,casa,2024,abr–dez,11,10,955000.0,2143850.0,3512500.0,False,
Cerqueira César,casa,2025,fev–dez,17,16,433296.24,1909000.0,2879750.0,False,-11.0
Cerqueira César,casa,2026,fev–jul,9,8,672500.0,2975000.0,6824884.0,True,
Chácara Inglesa,apartamento,2024,jan–dez,96,95,347500.0,518760.0,793750.0,False,
Chácara Inglesa,apartamento,2025,jan–dez,143,137,359000.0,570000.0,940000.0,False,9.9
Chácara Inglesa,apartamento,2026,jan–ago,89,84,407500.0,485000.0,805000.0,False,-14.9
Chácara Inglesa,casa,2024,fev–dez,12,12,593750.0,690000.0,766875.0,False,
Chácara Inglesa,casa,2025,abr–nov,12,9,700000.0,920000.0,1100000.0,True,
Chácara Inglesa,casa,2026,mar–jul,4,4,732500.0,790000.0,880000.0,True,
Chácara Santo Antônio,apartamento,2024,jan–dez,516,502,541250.0,850242.81,1450000.0,False,
Chácara Santo Antônio,apartamento,2025,jan–dez,823,811,335000.0,518000.0,980000.0,False,-39.1
Chácara Santo Antônio,apartamento,2026,jan–ago,411,403,441010.0,710288.6,1377500.0,False,37.1
Chácara Santo Antônio,casa,2024,jan–dez,78,74,540000.0,727500.0,1150000.0,False,
Chácara Santo Antônio,casa,2025,jan–dez,114,110,650000.0,965470.0,1715987.13,False,32.7
Chácara Santo Antônio,casa,2026,jan–ago,65,58,631250.0,956500.0,1441250.0,False,-0.9
Cidade Monções,apartamento,2024,jan–dez,26,26,297500.0,1605000.0,2787500.0,False,
Cidade Monções,apartamento,2025,jan–dez,56,55,188253.39,960000.0,2950000.0,False,-40.2
Cidade Monções,apartamento,2026,jan–ago,27,27,216423.4,670000.0,2290000.0,False,-30.2
Cidade Monções,casa,2024,jan–dez,5,5,1792887.54,2250000.0,3400000.0,True,
Cidade Monções,casa,2025,fev–out,8,8,785000.0,1237500.0,2710886.9,True,
Cidade Monções,casa,2026,fev–jul,8,7,1057500.0,2175000.0,2481423.5,True,
Consolação,apartamento,2024,jan–dez,950,928,250000.0,356379.0,550000.0,False,
Consolação,apartamento,2025,jan–dez,1258,1200,259119.0,344000.0,522024.88,False,-3.5
Consolação,apartamento,2026,jan–ago,884,848,268390.0,360000.0,536652.75,False,4.7
Consolação,casa,2024,mar–out,4,4,422500.0,1065000.0,2536342.5,True,
Consolação,casa,2025,fev–mar,2,2,2875000.0,4600000.0,6325000.0,True,
Consolação,casa,2026,mar–abr,2,2,8172845.47,8345690.95,8518536.43,True,
Higienópolis,apartamento,2024,jan–dez,346,332,913750.0,1321000.0,2000004.5,False,
Higienópolis,apartamento,2025,jan–dez,356,349,902370.18,1450000.0,2105000.0,False,9.8
Higienópolis,apartamento,2026,jan–ago,268,262,1021100.5,1500000.0,2160000.0,False,3.4
Higienópolis,casa,2026,mar–mai,2,2,3450000.0,3500000.0,3550000.0,True,
Ibirapuera,apartamento,2024,jan–dez,476,464,648782.19,999500.0,1820000.0,False,
Ibirapuera,apartamento,2025,jan–dez,484,466,550000.0,875000.0,1800000.0,False,-12.5
Ibirapuera,apartamento,2026,jan–ago,296,286,640000.0,1050000.0,1787500.0,False,20.0
Ibirapuera,casa,2024,jan–nov,54,52,598853.28,1640000.0,3373465.54,False,
Ibirapuera,casa,2025,jan–dez,61,56,630000.0,899000.0,1884446.7,False,-45.2
Ibirapuera,casa,2026,jan–ago,35,32,680000.0,925000.0,3193750.0,False,2.9
Indianópolis,apartamento,2024,jan–dez,771,742,515940.64,816236.27,1350000.0,False,
Indianópolis,apartamento,2025,jan–dez,978,954,498565.62,700000.0,1360000.0,False,-14.2
Indianópolis,apartamento,2026,jan–set,522,514,514250.0,800000.0,1409195.0,False,14.3
Indianópolis,casa,2024,jan–dez,45,43,745000.0,1330000.0,2576500.0,False,
Indianópolis,casa,2025,jan–dez,50,46,951250.0,1375000.0,2775000.0,False,3.4
Indianópolis,casa,2026,jan–set,29,28,1036250.0,1600000.0,2150000.0,False,16.4
Ipiranga,apartamento,2024,jan–dez,1290,1247,300000.0,463000.0,710000.0,False,
Ipiranga,apartamento,2025,jan–dez,1338,1263,310000.0,470000.0,737500.0,False,1.5
Ipiranga,apartamento,2026,jan–set,843,818,336000.0,515012.5,811470.0,False,9.6
Ipiranga,casa,2024,jan–dez,279,261,365000.0,474000.0,625000.0,False,
Ipiranga,casa,2025,jan–dez,319,296,350000.0,497500.0,663750.0,False,5.0
Ipiranga,casa,2026,jan–ago,193,178,400000.0,500000.0,700000.0,False,0.5
Itaim Bibi,apartamento,2024,jan–dez,499,482,715878.0,1150000.0,2070550.0,False,
Itaim Bibi,apartamento,2025,jan–dez,510,491,732500.0,1310000.0,3025187.69,False,13.9
Itaim Bibi,apartamento,2026,jan–ago,304,295,800000.0,1390000.0,2505000.0,False,6.1
Itaim Bibi,casa,2024,jan–dez,24,23,470128.24,920000.0,2054500.0,False,
Itaim Bibi,casa,2025,fev–dez,32,28,452500.0,2814477.62,4251701.0,False,205.9
Itaim Bibi,casa,2026,jan–jul,21,21,400000.0,2700000.0,3934537.97,False,-4.1
Jardim Aeroporto,apartamento,2024,jan–dez,148,145,270000.0,370000.0,527500.0,False,
Jardim Aeroporto,apartamento,2025,jan–dez,163,156,299750.0,406500.0,720000.0,False,9.9
Jardim Aeroporto,apartamento,2026,jan–ago,98,94,320000.0,510000.0,750000.0,False,25.5
Jardim Aeroporto,casa,2024,jan–dez,48,43,465000.0,600000.0,849000.0,False,
Jardim Aeroporto,casa,2025,jan–dez,56,53,480000.0,570000.0,750000.0,False,-5.0
Jardim Aeroporto,casa,2026,jan–set,43,42,435000.0,572500.0,690000.0,False,0.4
Jardim América,apartamento,2024,jan–dez,454,438,610130.0,887075.0,1445000.0,False,
Jardim América,apartamento,2025,jan–dez,529,519,516860.65,860000.0,1475566.0,False,-3.1
Jardim América,apartamento,2026,jan–set,351,341,550000.0,850000.0,1312476.99,False,-1.2
Jardim América,casa,2024,jan–dez,26,24,1656954.12,3312300.0,6665682.07,False,
Jardim América,casa,2025,jan–dez,58,54,2474761.53,4105751.37,9451627.72,False,24.0
Jardim América,casa,2026,jan–ago,23,21,4500000.0,10975246.94,22340000.0,False,167.3
Jardim Anália Franco,apartamento,2024,jan–dez,77,71,575440.31,790000.0,1300000.0,False,
Jardim Anália Franco,apartamento,2025,jan–dez,62,54,604097.46,905000.0,1575000.0,False,14.6
Jardim Anália Franco,apartamento,2026,jan–ago,40,32,641395.0,1045000.0,1875000.0,False,15.5
Jardim Anália Franco,casa,2024,mai–dez,3,3,570000.0,720000.0,770000.0,True,
Jardim Anália Franco,casa,2025,jan–dez,8,8,730000.0,1050000.0,1337500.0,True,
Jardim Anália Franco,casa,2026,jan–jul,3,3,610500.0,850000.0,1425000.0,True,
Jardim Europa,apartamento,2024,abr–dez,23,21,1850000.0,3100000.0,4434000.0,False,
Jardim Europa,apartamento,2025,jan–dez,25,25,2350000.0,4050000.0,11300000.0,False,30.6
Jardim Europa,apartamento,2026,jan–ago,14,13,3400000.0,4700000.0,8350000.0,False,16.0
Jardim Europa,casa,2024,jan–dez,13,12,3450000.0,5100000.0,6713750.0,False,
Jardim Europa,casa,2025,jan–dez,28,28,6662500.0,12625000.0,15333944.33,False,147.5
Jardim Europa,casa,2026,fev–ago,18,16,6525000.0,10175000.0,12287500.0,False,-19.4
Jardim Novo Mundo,apartamento,2024,mar–mar,1,1,1515000.0,1515000.0,1515000.0,True,
Jardim Novo Mundo,apartamento,2025,fev–jun,3,3,511500.0,540000.0,662500.0,True,
Jardim Novo Mundo,apartamento,2026,jan–jul,5,5,638193.69,705000.0,915000.0,True,
Jardim Novo Mundo,casa,2024,jan–dez,10,10,1592500.0,2175000.0,3227000.0,False,
Jardim Novo Mundo,casa,2025,mar–nov,6,6,1567500.0,1675000.0,1756250.0,True,
Jardim Novo Mundo,casa,2026,mai–jul,4,4,1107500.0,1427500.0,1621250.0,True,
Jardim Paulista,apartamento,2024,jan–dez,1093,1051,550000.0,1000000.0,1806360.0,False,
Jardim Paulista,apartamento,2025,jan–dez,1162,1134,625000.0,1100000.0,2104005.29,False,10.0
Jardim Paulista,apartamento,2026,jan–set,810,793,645000.0,1130000.0,2150000.0,False,2.7
Jardim Paulista,casa,2024,jan–dez,57,55,2585000.0,4100000.0,5787500.0,False,
Jardim Paulista,casa,2025,jan–dez,50,44,2725000.0,4500000.0,7331250.0,False,9.8
Jardim Paulista,casa,2026,jan–ago,31,28,1973771.99,3365000.0,4625000.0,False,-25.2
Jardim Paulistano,apartamento,2024,jan–nov,45,44,1082500.0,1925000.0,2512500.0,False,
Jardim Paulistano,apartamento,2025,jan–dez,50,50,1250000.0,2300000.0,5343750.0,False,19.5
Jardim Paulistano,apartamento,2026,jan–ago,29,26,2050000.0,3350000.0,10688939.7,False,45.7
Jardim Paulistano,casa,2024,jan–dez,27,26,3165000.0,4500000.0,5575000.0,False,
Jardim Paulistano,casa,2025,jan–dez,35,35,3391500.0,5800000.0,14229809.6,False,28.9
Jardim Paulistano,casa,2026,jan–ago,17,17,5380000.0,12608482.19,20500000.0,False,117.4
Jardim Petrópolis,apartamento,2024,jan–dez,19,19,420000.0,450000.0,491000.0,False,
Jardim Petrópolis,apartamento,2025,fev–nov,9,9,485000.0,520000.0,535000.0,True,
Jardim Petrópolis,apartamento,2026,jan–ago,8,8,460000.0,527500.0,545107.25,True,
Jardim Petrópolis,casa,2024,jan–dez,20,20,1412500.0,2100000.0,2762500.0,False,
Jardim Petrópolis,casa,2025,jan–dez,17,17,1170000.0,2100000.0,3800000.0,False,0.0
Jardim Petrópolis,casa,2026,fev–ago,12,11,1930000.0,3150000.0,4385000.0,False,50.0
Jardim Santo Amaro,apartamento,2024,fev–dez,15,14,313000.0,375500.0,725000.0,False,
Jardim Santo Amaro,apartamento,2025,jan–dez,23,23,450000.0,500000.0,552500.0,False,33.2
Jardim Santo Amaro,apartamento,2026,jan–ago,21,20,480300.0,542500.0,850000.0,False,8.5
Jardim Santo Amaro,casa,2024,jan–nov,11,11,225000.0,300000.0,1275000.0,False,
Jardim Santo Amaro,casa,2025,jan–nov,11,11,690000.0,1240000.0,1500000.0,False,313.3
Jardim Santo Amaro,casa,2026,abr–ago,3,3,637500.0,950000.0,1625000.0,True,
Jardim Vila Mariana,apartamento,2024,mar–dez,33,31,675000.0,1065000.0,1852579.0,False,
Jardim Vila Mariana,apartamento,2025,jan–dez,19,19,645000.0,1060000.0,1240000.0,False,-0.5
Jardim Vila Mariana,apartamento,2026,jan–ago,11,11,565000.0,1100000.0,1400000.0,False,3.8
Jardim Vila Mariana,casa,2024,ago–set,2,2,695000.0,990000.0,1285000.0,True,
Jardim Vila Mariana,casa,2025,jul–dez,4,3,1115000.0,1230000.0,1440000.0,True,
Jardim da Glória,apartamento,2024,jan–dez,21,21,430000.0,680000.0,1116984.0,False,
Jardim da Glória,apartamento,2025,fev–dez,27,25,600000.0,700000.0,1272718.83,False,2.9
Jardim da Glória,apartamento,2026,jan–ago,26,25,520000.0,917861.34,1250000.0,False,31.1
Jardim da Glória,casa,2024,jan–dez,24,23,562500.0,750000.0,970000.0,False,
Jardim da Glória,casa,2025,jan–dez,20,18,758750.0,1056500.0,1237500.0,False,40.9
Jardim da Glória,casa,2026,jan–ago,15,11,680000.0,800000.0,1050000.0,False,-24.3
Jardim da Saúde,apartamento,2024,jan–dez,63,50,366000.0,471534.44,880000.0,False,
Jardim da Saúde,apartamento,2025,jan–dez,75,55,317500.0,495000.0,725650.0,False,5.0
Jardim da Saúde,apartamento,2026,jan–ago,47,34,302500.0,392500.0,567500.0,False,-20.7
Jardim da Saúde,casa,2024,jan–dez,47,42,603911.4,790000.0,1097500.0,False,
Jardim da Saúde,casa,2025,jan–dez,73,57,590000.0,750000.0,1125000.0,False,-5.1
Jardim da Saúde,casa,2026,jan–ago,32,26,785125.0,1075000.0,1487500.0,False,43.3
Jardim das Acácias,apartamento,2024,jan–dez,405,403,426194.62,533020.93,793918.57,False,
Jardim das Acácias,apartamento,2025,jan–dez,130,127,340000.0,701787.2,895275.0,False,31.7
Jardim das Acácias,apartamento,2026,jan–ago,59,58,371250.0,550000.0,919500.0,False,-21.6
Jardim das Acácias,casa,2024,jan–dez,6,6,528750.0,913615.52,1240557.76,True,
Jardim das Acácias,casa,2025,mar–dez,7,7,730000.0,1099000.0,1109320.5,True,
Jardim das Acácias,casa,2026,jan–jul,4,4,358274.75,412052.0,690578.0,True,
Jardim das Bandeiras,apartamento,2024,jan–nov,4,4,735000.0,790000.0,922500.0,True,
Jardim das Bandeiras,apartamento,2025,abr–set,3,3,590000.0,730000.0,742500.0,True,
Jardim das Bandeiras,apartamento,2026,jun–jul,2,2,677500.0,785000.0,892500.0,True,
Jardim das Bandeiras,casa,2024,mar–dez,11,11,2250000.0,2900000.0,3075000.0,False,
Jardim das Bandeiras,casa,2025,fev–out,7,7,1500000.0,2300000.0,2750000.0,True,
Jardim das Bandeiras,casa,2026,jan–jul,7,7,1965000.0,2200000.0,4955000.0,True,
Jardim dos Estados,apartamento,2024,fev–dez,8,8,446250.0,512000.0,542750.0,True,
Jardim dos Estados,apartamento,2025,mai–jul,4,3,483750.0,555000.0,625000.0,True,
Jardim dos Estados,apartamento,2026,mar–ago,9,8,382842.25,433500.0,533500.0,True,
Jardim dos Estados,casa,2024,fev–dez,11,11,1850000.0,2450000.0,3648250.0,False,
Jardim dos Estados,casa,2025,fev–dez,15,15,3175000.0,4290000.0,5022095.2,False,75.1
Jardim dos Estados,casa,2026,jan–ago,18,18,2555222.75,4006874.71,6291242.71,False,-6.6
Jardins,apartamento,2024,jan–dez,41,40,1137500.0,1657500.0,3023750.0,False,
Jardins,apartamento,2025,jan–dez,33,31,875500.0,1230000.0,2625000.0,False,-25.8
Jardins,apartamento,2026,fev–ago,19,19,1470000.0,2214000.0,3325000.0,False,80.0
Jardins,casa,2024,mai–mai,1,1,1800000.0,1800000.0,1800000.0,True,
Jardins,casa,2025,nov–nov,1,1,5270000.0,5270000.0,5270000.0,True,
Jardins,casa,2026,ago–ago,1,1,2600000.0,2600000.0,2600000.0,True,
Lapa,apartamento,2024,jan–dez,997,956,315000.0,550000.0,890500.0,False,
Lapa,apartamento,2025,jan–dez,1045,1013,320000.0,560000.0,930000.0,False,1.8
Lapa,apartamento,2026,jan–set,673,654,330000.0,560000.0,1000000.0,False,0.0
Lapa,casa,2024,jan–dez,126,112,523750.0,792500.0,1281720.65,False,
Lapa,casa,2025,jan–dez,143,135,530000.0,815000.0,1575000.0,False,2.8
Lapa,casa,2026,jan–ago,88,81,600000.0,990000.0,1550000.0,False,21.5
Mirandópolis,apartamento,2024,jan–dez,180,173,350000.0,520000.0,740000.0,False,
Mirandópolis,apartamento,2025,jan–dez,191,182,396250.0,517075.0,744575.06,False,-0.6
Mirandópolis,apartamento,2026,jan–ago,128,126,340750.0,491570.15,750000.0,False,-4.9
Mirandópolis,casa,2024,jan–dez,40,38,603750.0,842500.0,1102500.0,False,
Mirandópolis,casa,2025,fev–dez,43,42,663250.0,905000.0,1344993.0,False,7.4
Mirandópolis,casa,2026,jan–ago,28,25,650000.0,939060.0,1100000.0,False,3.8
Moema,apartamento,2024,jan–dez,626,607,471117.5,820000.0,1500000.0,False,
Moema,apartamento,2025,jan–dez,635,607,600000.0,988000.0,1500000.0,False,20.5
Moema,apartamento,2026,jan–ago,419,402,600000.0,953106.0,1650000.0,False,-3.5
Moema,casa,2024,jan–dez,17,16,1075000.0,1700000.0,2056250.0,False,
Moema,casa,2025,jan–nov,30,26,1163750.0,1600000.0,3539558.42,False,-5.9
Moema,casa,2026,jan–ago,19,14,1551250.0,1827500.0,2400000.0,False,14.2
Moinho Velho,apartamento,2024,jan–dez,198,190,302600.0,360000.0,492500.0,False,
Moinho Velho,apartamento,2025,jan–dez,221,206,301239.04,397500.0,499500.0,False,10.4
Moinho Velho,apartamento,2026,jan–ago,127,120,337752.26,423347.5,515750.0,False,6.5
Moinho Velho,casa,2024,jan–dez,63,58,382250.0,425000.0,550000.0,False,
Moinho Velho,casa,2025,jan–dez,61,54,350000.0,452500.0,626250.0,False,6.5
Moinho Velho,casa,2026,jan–ago,51,44,378750.0,515000.0,610000.0,False,13.8
Mooca,apartamento,2024,jan–dez,1203,1139,314500.0,450000.0,699500.0,False,
Mooca,apartamento,2025,jan–dez,1317,1233,291666.66,415000.0,670000.0,False,-7.8
Mooca,apartamento,2026,jan–set,920,886,280000.0,400000.0,650000.0,False,-3.6
Mooca,casa,2024,jan–dez,219,205,400000.0,577500.0,780000.0,False,
Mooca,casa,2025,jan–dez,243,224,383376.5,516000.0,760232.46,False,-10.6
Mooca,casa,2026,jan–ago,151,144,400000.0,550000.0,850000.0,False,6.6
Pacaembu,apartamento,2024,jan–dez,24,22,486750.0,610000.0,2722500.0,False,
Pacaembu,apartamento,2025,jan–dez,48,47,547200.0,942714.0,1281014.58,False,54.5
Pacaembu,apartamento,2026,jan–set,28,22,941250.0,1103074.5,1560987.09,False,17.0
Pacaembu,casa,2024,jan–nov,35,33,1700000.0,2500000.0,3350000.0,False,
Pacaembu,casa,2025,jan–dez,23,23,1912500.0,3150000.0,3475000.0,False,26.0
Pacaembu,casa,2026,jan–ago,22,19,2325000.0,3000000.0,4025000.0,False,-4.8
Paraíso,apartamento,2024,jan–dez,407,390,524243.75,845485.5,1250000.0,False,
Paraíso,apartamento,2025,jan–dez,521,503,478375.0,760000.0,1250000.0,False,-10.1
Paraíso,apartamento,2026,jan–set,343,326,445000.0,794500.0,1233500.0,False,4.5
Paraíso,casa,2024,jan–nov,10,8,697500.0,1375000.0,2525000.0,True,
Paraíso,casa,2025,fev–dez,15,15,2960000.0,3550000.0,4788925.0,False,
Paraíso,casa,2026,fev–mai,2,2,2518835.77,3037671.54,3556507.32,True,
Parque Fongaro,apartamento,2024,jan–dez,36,33,234000.0,265000.0,281000.0,False,
Parque Fongaro,apartamento,2025,jan–dez,34,33,230000.0,252150.0,280000.0,False,-4.8
Parque Fongaro,apartamento,2026,jan–ago,24,21,250000.0,281929.0,293000.0,False,11.8
Parque Fongaro,casa,2024,jan–dez,18,18,310000.0,384000.0,532500.0,False,
Parque Fongaro,casa,2025,jan–nov,19,18,352500.0,425000.0,519762.5,False,10.7
Parque Fongaro,casa,2026,jan–ago,9,9,370000.0,415000.0,510000.0,True,
Parque da Mooca,apartamento,2024,jan–dez,159,148,543750.0,957761.98,1350497.19,False,
Parque da Mooca,apartamento,2025,jan–dez,115,103,485000.0,840000.0,1263000.0,False,-12.3
Parque da Mooca,apartamento,2026,jan–ago,73,69,420000.0,550000.0,1001927.27,False,-34.5
Parque da Mooca,casa,2024,jan–dez,25,24,657500.0,990000.0,1300000.0,False,
Parque da Mooca,casa,2025,jan–dez,22,18,503750.0,630000.0,1251250.0,False,-36.4
Parque da Mooca,casa,2026,fev–ago,19,18,592500.0,861500.0,1100000.0,False,36.7
Perdizes,apartamento,2024,jan–dez,1613,1559,455000.0,690000.0,1121375.5,False,
Perdizes,apartamento,2025,jan–dez,1592,1540,480000.0,761300.0,1190000.0,False,10.3
Perdizes,apartamento,2026,jan–set,1113,1077,450000.0,700000.0,1200000.0,False,-8.1
Perdizes,casa,2024,jan–dez,86,76,831250.0,1205600.0,1800000.0,False,
Perdizes,casa,2025,jan–dez,83,79,881351.0,1290000.0,1856186.42,False,7.0
Perdizes,casa,2026,jan–ago,50,47,850000.0,1200000.0,1950788.9,False,-7.0
Pinheiros,apartamento,2024,jan–dez,816,799,520000.0,760000.0,1150000.0,False,
Pinheiros,apartamento,2025,jan–dez,1212,1190,367940.0,680000.0,1118750.0,False,-10.5
Pinheiros,apartamento,2026,jan–set,693,680,425450.0,740000.0,1262552.66,False,8.8
Pinheiros,casa,2024,jan–dez,85,83,1060000.0,1445079.0,2150000.0,False,
Pinheiros,casa,2025,jan–dez,89,83,1475000.0,2569124.82,3245000.0,False,77.8
Pinheiros,casa,2026,jan–ago,57,56,868750.0,1458870.96,2660134.0,False,-43.2
Planalto Paulista,apartamento,2024,jan–dez,52,50,409375.0,470700.0,1140000.0,False,
Planalto Paulista,apartamento,2025,jan–dez,86,82,488750.0,773000.0,950000.0,False,64.2
Planalto Paulista,apartamento,2026,jan–ago,59,54,450000.0,747500.0,874250.0,False,-3.3
Planalto Paulista,casa,2024,jan–dez,83,80,585000.0,847500.0,1207500.0,False,
Planalto Paulista,casa,2025,jan–dez,111,105,620000.0,875000.0,1300000.0,False,3.2
Planalto Paulista,casa,2026,jan–set,77,72,696750.0,1200000.0,1587500.0,False,37.1
Pompéia,apartamento,2024,jan–dez,376,363,553447.5,700000.0,950000.0,False,
Pompéia,apartamento,2025,jan–dez,412,397,550000.0,705000.0,940000.0,False,0.7
Pompéia,apartamento,2026,jan–set,318,310,540901.8,720000.0,1057500.0,False,2.1
Pompéia,casa,2024,jan–dez,31,29,550000.0,700000.0,1000000.0,False,
Pompéia,casa,2025,jan–dez,37,32,661250.0,875000.0,1328750.0,False,25.0
Pompéia,casa,2026,jan–ago,36,32,727500.0,875000.0,1316250.0,False,0.0
Santa Cecília,apartamento,2024,jan–dez,1203,1147,300000.0,450000.0,781000.0,False,
Santa Cecília,apartamento,2025,jan–dez,1356,1299,300000.0,440000.0,790000.0,False,-2.2
Santa Cecília,apartamento,2026,jan–set,930,903,317441.25,460000.0,844750.77,False,4.5
Santa Cecília,casa,2024,fev–dez,11,9,420000.0,465000.0,2000000.0,True,
Santa Cecília,casa,2025,jan–dez,8,6,562500.0,625000.0,1100000.0,True,
Santa Cecília,casa,2026,fev–jun,9,9,800000.0,2300000.0,2591000.0,True,
Santo Amaro,apartamento,2024,jan–dez,355,345,370000.0,642934.4,900000.0,False,
Santo Amaro,apartamento,2025,jan–dez,374,360,408750.0,700000.0,1050000.0,False,8.9
Santo Amaro,apartamento,2026,jan–set,229,225,380000.0,720000.0,1150000.0,False,2.9
Santo Amaro,casa,2024,jan–dez,29,26,512500.0,624500.0,787500.0,False,
Santo Amaro,casa,2025,jan–dez,48,45,500000.0,620000.0,750000.0,False,-0.7
Santo Amaro,casa,2026,jan–ago,30,29,480000.0,620000.0,862500.0,False,0.0
Saúde,apartamento,2024,jan–dez,2042,1960,300000.0,450000.0,666062.5,False,
Saúde,apartamento,2025,jan–dez,2170,2060,309625.0,465000.0,710737.5,False,3.3
Saúde,apartamento,2026,jan–set,1406,1356,315000.0,460000.0,710000.0,False,-1.1
Saúde,casa,2024,jan–dez,219,208,400000.0,562500.0,800000.0,False,
Saúde,casa,2025,jan–dez,243,215,440273.7,600000.0,1007596.5,False,6.7
Saúde,casa,2026,jan–set,176,166,430000.0,544000.0,779750.0,False,-9.3
Sumarezinho,apartamento,2024,jan–dez,202,200,468750.0,694800.0,990143.75,False,
Sumarezinho,apartamento,2025,jan–dez,154,154,415500.0,594150.0,953565.84,False,-14.5
Sumarezinho,apartamento,2026,jan–ago,96,95,417500.0,630000.0,920000.0,False,6.0
Sumarezinho,casa,2024,jan–dez,23,22,929125.0,1572500.0,2110000.0,False,
Sumarezinho,casa,2025,jan–dez,11,11,900000.0,1450000.0,1585000.0,False,-7.8
Sumarezinho,casa,2026,jan–ago,4,4,1775000.0,2245000.0,2992500.0,True,
Sumaré,apartamento,2024,jan–dez,90,87,667416.1,920000.0,1460000.0,False,
Sumaré,apartamento,2025,jan–dez,107,103,580000.0,905000.0,1289000.0,False,-1.6
Sumaré,apartamento,2026,jan–ago,71,70,667500.0,882500.0,1190000.0,False,-2.5
Sumaré,casa,2024,jan–dez,27,27,1540000.0,2300000.0,3135000.0,False,
Sumaré,casa,2025,jan–dez,27,25,1500000.0,1950000.0,2900000.0,False,-15.2
Sumaré,casa,2026,jan–ago,21,20,1485000.0,2125000.0,2503750.0,False,9.0
Tatuapé,apartamento,2024,jan–dez,2380,2252,360000.0,521825.5,866991.02,False,
Tatuapé,apartamento,2025,jan–dez,2265,2104,355416.5,520000.0,836359.92,False,-0.3
Tatuapé,apartamento,2026,jan–set,1628,1548,375000.0,570000.0,940000.0,False,9.6
Tatuapé,casa,2024,jan–dez,461,431,400000.0,570000.0,765000.0,False,
Tatuapé,casa,2025,jan–dez,448,420,425000.0,610300.0,890000.0,False,7.1
Tatuapé,casa,2026,jan–ago,327,308,450000.0,600000.0,842500.0,False,-1.7
Vila Antonieta,apartamento,2024,jan–dez,178,169,270000.0,310000.0,350000.0,False,
Vila Antonieta,apartamento,2025,jan–dez,179,170,270000.0,320000.0,370000.0,False,3.2
Vila Antonieta,apartamento,2026,jan–set,135,131,300000.0,337000.0,392712.31,False,5.3
Vila Antonieta,casa,2024,jan–dez,50,48,320000.0,405000.0,540000.0,False,
Vila Antonieta,casa,2025,jan–dez,70,67,320000.0,430000.0,542500.0,False,6.2
Vila Antonieta,casa,2026,jan–ago,41,40,400000.0,460000.0,600000.0,False,7.0
Vila Bertioga,apartamento,2024,jan–dez,58,53,410000.0,530000.0,750000.0,False,
Vila Bertioga,apartamento,2025,jan–dez,67,64,432500.0,592500.0,895000.0,False,11.8
Vila Bertioga,apartamento,2026,jan–ago,38,38,440550.0,512500.0,996250.0,False,-13.5
Vila Bertioga,casa,2024,jan–out,12,9,404436.0,415000.0,525000.0,True,
Vila Bertioga,casa,2025,jan–dez,22,21,380000.0,650000.0,1050000.0,False,
Vila Bertioga,casa,2026,jan–ago,19,18,367500.0,565000.0,942500.0,False,-13.1
Vila Clementino,apartamento,2024,jan–dez,356,349,340425.3,505000.0,1060000.0,False,
Vila Clementino,apartamento,2025,jan–dez,383,373,345000.0,600000.0,1200000.0,False,18.8
Vila Clementino,apartamento,2026,jan–ago,285,268,395000.0,614002.01,1010000.0,False,2.3
Vila Clementino,casa,2024,jan–dez,34,31,862000.0,1200000.0,2050000.0,False,
Vila Clementino,casa,2025,jan–dez,44,40,830000.0,1415000.0,1591250.0,False,17.9
Vila Clementino,casa,2026,jan–ago,25,23,645000.0,935000.0,1995178.01,False,-33.9
Vila Cordeiro,apartamento,2024,fev–dez,18,17,575000.0,660000.0,910000.0,False,
Vila Cordeiro,apartamento,2025,jan–dez,148,146,284797.51,299000.0,349450.11,False,-54.7
Vila Cordeiro,apartamento,2026,jan–ago,33,33,286969.06,310000.0,690000.0,False,3.7
Vila Cordeiro,casa,2024,jan–dez,18,18,705000.0,837000.0,1235000.0,False,
Vila Cordeiro,casa,2025,jan–dez,13,13,750000.0,1100000.0,1850000.0,False,31.4
Vila Cordeiro,casa,2026,mar–ago,5,5,900000.0,1235000.0,1900000.0,True,
Vila Firmiano Pinto,apartamento,2024,jan–dez,23,22,512500.0,829660.18,1355000.0,False,
Vila Firmiano Pinto,apartamento,2025,jan–dez,129,128,315892.31,401500.0,532245.0,False,-51.6
Vila Firmiano Pinto,apartamento,2026,jan–ago,68,67,319794.7,345000.0,471500.0,False,-14.1
Vila Firmiano Pinto,casa,2024,mar–ago,2,2,620000.0,670000.0,720000.0,True,
Vila Firmiano Pinto,casa,2025,abr–dez,3,3,750000.0,1100000.0,1130276.01,True,
Vila Firmiano Pinto,casa,2026,fev–fev,2,2,922500.0,1015000.0,1107500.0,True,
Vila Gomes Cardim,apartamento,2024,jan–dez,65,62,481143.99,875000.0,1375000.0,False,
Vila Gomes Cardim,apartamento,2025,jan–dez,65,59,528500.0,958404.32,1253271.67,False,9.5
Vila Gomes Cardim,apartamento,2026,jan–ago,41,38,592500.0,797500.0,1517500.0,False,-16.8
Vila Gomes Cardim,casa,2024,abr–dez,13,12,497500.0,710000.0,825000.0,False,
Vila Gomes Cardim,casa,2025,jan–dez,10,10,543750.0,750000.0,1229500.0,False,5.6
Vila Gomes Cardim,casa,2026,mar–ago,7,7,762500.0,1100000.0,1150000.0,True,
Vila Gumercindo,apartamento,2024,jan–dez,171,154,436250.0,563750.0,1100000.0,False,
Vila Gumercindo,apartamento,2025,jan–dez,172,164,423750.0,533250.0,1158514.13,False,-5.4
Vila Gumercindo,apartamento,2026,jan–set,92,90,420600.0,564950.0,1025000.0,False,5.9
Vila Gumercindo,casa,2024,jan–dez,20,18,474750.0,580000.0,747500.0,False,
Vila Gumercindo,casa,2025,fev–dez,17,15,515000.0,620000.0,654000.0,False,6.9
Vila Gumercindo,casa,2026,jan–ago,12,11,630183.74,750000.0,890000.0,False,21.0
Vila Ipojuca,apartamento,2024,jan–dez,87,84,553962.5,792826.55,928625.0,False,
Vila Ipojuca,apartamento,2025,jan–dez,71,68,587500.0,820000.0,1136844.52,False,3.4
Vila Ipojuca,apartamento,2026,jan–ago,35,33,550000.0,646000.0,1200000.0,False,-21.2
Vila Ipojuca,casa,2024,mar–dez,12,12,388750.0,505000.0,925000.0,False,
Vila Ipojuca,casa,2025,jan–dez,15,14,510000.0,735000.0,1637500.0,False,45.5
Vila Ipojuca,casa,2026,jan–ago,20,19,565000.0,990000.0,1560000.0,False,34.7
Vila Leopoldina,apartamento,2024,jan–dez,549,517,625000.0,920000.0,1450000.0,False,
Vila Leopoldina,apartamento,2025,jan–dez,435,423,601940.5,870000.0,1425000.0,False,-5.4
Vila Leopoldina,apartamento,2026,jan–ago,253,246,650000.0,977500.0,1700000.0,False,12.4
Vila Leopoldina,casa,2024,jan–dez,48,47,565000.0,750000.0,950000.0,False,
Vila Leopoldina,casa,2025,jan–dez,30,29,550000.0,600000.0,790000.0,False,-20.0
Vila Leopoldina,casa,2026,jan–jul,16,16,585750.0,675000.0,912500.0,False,12.5
Vila Madalena,apartamento,2024,jan–dez,426,418,550000.0,900000.0,1472500.0,False,
Vila Madalena,apartamento,2025,jan–dez,409,404,536500.0,900000.0,1591869.61,False,0.0
Vila Madalena,apartamento,2026,jan–ago,207,203,578317.93,1000000.0,1443000.0,False,11.1
Vila Madalena,casa,2024,jan–dez,91,88,1400000.0,1920000.0,2804179.35,False,
Vila Madalena,casa,2025,jan–dez,87,83,1485000.0,2000000.0,2925000.0,False,4.2
Vila Madalena,casa,2026,jan–ago,53,52,1400000.0,1900000.0,2662500.0,False,-5.0
Vila Mariana,apartamento,2024,jan–dez,1700,1638,450000.0,687164.36,1078750.0,False,
Vila Mariana,apartamento,2025,jan–dez,2004,1929,450000.0,700000.0,1210000.0,False,1.9
Vila Mariana,apartamento,2026,jan–set,1291,1261,450000.0,735000.0,1269007.5,False,5.0
Vila Mariana,casa,2024,jan–dez,188,172,872500.0,1496492.4,2232724.57,False,
Vila Mariana,casa,2025,jan–dez,139,126,800000.0,1300000.0,1943750.0,False,-13.1
Vila Mariana,casa,2026,jan–ago,91,84,900000.0,1400000.0,2195000.0,False,7.7
Vila Monumento,apartamento,2024,jan–dez,64,61,380000.0,450000.0,580000.0,False,
Vila Monumento,apartamento,2025,jan–dez,73,68,327500.0,395000.0,526000.0,False,-12.2
Vila Monumento,apartamento,2026,jan–ago,58,49,365000.0,500000.0,700000.0,False,26.6
Vila Monumento,casa,2024,jan–dez,23,21,570000.0,800000.0,1000000.0,False,
Vila Monumento,casa,2025,jan–dez,39,36,634375.0,782500.0,1170500.0,False,-2.2
Vila Monumento,casa,2026,jan–ago,22,19,467500.0,580000.0,835000.0,False,-25.9
Vila Nova Conceição,apartamento,2024,jan–dez,195,191,730000.0,1330000.0,2786000.0,False,
Vila Nova Conceição,apartamento,2025,jan–dez,195,188,1022500.0,1810000.0,4376991.3,False,36.1
Vila Nova Conceição,apartamento,2026,jan–ago,175,171,1295387.93,3000000.0,6091000.0,False,65.7
Vila Nova Conceição,casa,2024,jan–dez,16,16,2400000.0,2875000.0,3830000.0,False,
Vila Nova Conceição,casa,2025,jan–dez,22,20,2050000.0,4975000.0,14726250.0,False,73.0
Vila Nova Conceição,casa,2026,jan–ago,19,19,3255000.0,4800000.0,8953925.61,False,-3.5
Vila Nova Manchester,apartamento,2024,jan–dez,48,45,185000.0,280000.0,565000.0,False,
Vila Nova Manchester,apartamento,2025,jan–dez,57,54,228500.0,332024.93,495000.0,False,18.6
Vila Nova Manchester,apartamento,2026,jan–ago,46,45,230000.0,330000.0,440000.0,False,-0.6
Vila Nova Manchester,casa,2024,jan–dez,31,30,337500.0,508500.0,900000.0,False,
Vila Nova Manchester,casa,2025,jan–nov,24,22,392500.0,486750.0,582250.0,False,-4.3
Vila Nova Manchester,casa,2026,jan–jul,15,15,507500.0,630000.0,905000.0,False,29.4
Vila Olímpia,apartamento,2024,jan–dez,794,779,323153.2,675000.0,1143000.0,False,
Vila Olímpia,apartamento,2025,jan–dez,878,860,353518.84,620000.0,1101353.75,False,-8.1
Vila Olímpia,apartamento,2026,jan–ago,555,544,361973.43,650000.0,1200000.0,False,4.8
Vila Olímpia,casa,2024,jan–dez,36,36,1396250.0,2025745.48,2923685.06,False,
Vila Olímpia,casa,2025,jan–dez,33,29,1330000.0,2600000.0,3518143.1,False,28.3
Vila Olímpia,casa,2026,jan–ago,12,10,1345000.0,1587500.0,2422500.0,False,-38.9
Vila Regente Feijó,apartamento,2024,jan–dez,144,135,559000.0,860000.0,1180000.0,False,
Vila Regente Feijó,apartamento,2025,jan–dez,180,164,372435.25,683000.0,1100000.0,False,-20.6
Vila Regente Feijó,apartamento,2026,jan–ago,109,100,426247.84,792500.0,1270000.0,False,16.0
Vila Regente Feijó,casa,2024,fev–dez,20,16,399000.0,492500.0,610000.0,False,
Vila Regente Feijó,casa,2025,jan–nov,23,22,400500.0,587500.0,868750.0,False,19.3
Vila Regente Feijó,casa,2026,fev–ago,18,18,472500.0,590000.0,746250.0,False,0.4
Vila Romana,apartamento,2024,jan–dez,126,124,657500.0,1036000.0,2077500.0,False,
Vila Romana,apartamento,2025,jan–dez,129,124,623750.0,1007000.0,1654970.75,False,-2.8
Vila Romana,apartamento,2026,jan–ago,104,100,646250.0,1050000.0,1829677.19,False,4.3
Vila Romana,casa,2024,fev–dez,47,45,650000.0,1000000.0,1389445.26,False,
Vila Romana,casa,2025,jan–dez,51,50,647500.0,1140000.0,1418000.0,False,14.0
Vila Romana,casa,2026,jan–ago,27,23,975000.0,1200000.0,1735000.0,False,5.3
Vila São Francisco,apartamento,2024,jan–dez,227,214,312000.0,697500.0,995000.0,False,
Vila São Francisco,apartamento,2025,jan–dez,242,211,386519.98,715000.0,1045000.0,False,2.5
Vila São Francisco,apartamento,2026,jan–set,122,116,440250.0,847500.0,1100000.0,False,18.5
Vila São Francisco,casa,2024,jan–dez,75,71,388250.0,530000.0,800000.0,False,
Vila São Francisco,casa,2025,jan–dez,60,55,420000.0,600000.0,830000.0,False,13.2
Vila São Francisco,casa,2026,jan–ago,40,39,475000.0,632500.0,890000.0,False,5.4
Vila Uberabinha,apartamento,2024,jan–dez,37,34,866500.0,1392500.0,2159371.79,False,
Vila Uberabinha,apartamento,2025,jan–dez,26,23,780000.0,1235000.0,2030000.0,False,-11.3
Vila Uberabinha,apartamento,2026,jan–set,22,21,1080000.0,1800000.0,2150000.0,False,45.7
Vila Uberabinha,casa,2024,mai–dez,3,2,1925000.0,1925000.0,1925000.0,True,
Vila Uberabinha,casa,2026,jul–jul,1,0,,,,True,
Vila da Saúde,apartamento,2024,jan–dez,49,45,430000.0,586000.0,740000.0,False,
Vila da Saúde,apartamento,2025,jan–dez,32,31,395000.0,580000.0,630000.0,False,-1.0
Vila da Saúde,apartamento,2026,jan–ago,24,24,372250.0,412500.0,755000.0,False,-28.9
Vila da Saúde,casa,2024,ago–ago,1,1,490000.0,490000.0,490000.0,True,
Vila da Saúde,casa,2025,fev–ago,3,3,625000.0,750000.0,1175000.0,True,
Vila da Saúde,casa,2026,jun–jun,1,1,550000.0,550000.0,550000.0,True,
Vila das Mercês,apartamento,2024,jan–dez,133,123,275000.0,320000.0,425300.0,False,
Vila das Mercês,apartamento,2025,jan–dez,142,132,268750.0,308260.0,430000.0,False,-3.7
Vila das Mercês,apartamento,2026,jan–ago,88,85,275000.0,325000.0,403965.0,False,5.4
Vila das Mercês,casa,2024,jan–dez,32,30,386250.0,435000.0,561250.0,False,
Vila das Mercês,casa,2025,jan–dez,26,24,347500.0,440000.0,590000.0,False,1.1
Vila das Mercês,casa,2026,jan–ago,27,24,308750.0,400000.0,561000.0,False,-9.1
