bairro_carteira,nome_cadastro_iptu,imoveis,principais_ceps,bairro_mercado,status,opcoes
Aclimação,ACLIMACAO,11894,"01526-000, 01530-010, 01529-010, 01525-001, 01529-000",Aclimação,NOVO_BAIRRO,"bairro novo (Aclimação/Vila Leopoldina/Alto de Pinheiros) -- classificado automaticamente, sem ambiguidade"
Aclimação,GAFISA LIKE ACLIMACAO,138,01543-001,Aclimação,NOVO_BAIRRO,"bairro novo (Aclimação/Vila Leopoldina/Alto de Pinheiros) -- classificado automaticamente, sem ambiguidade"
Aclimação,CD PARK WAY ACLIMACAO,136,01530-020,Aclimação,NOVO_BAIRRO,"bairro novo (Aclimação/Vila Leopoldina/Alto de Pinheiros) -- classificado automaticamente, sem ambiguidade"
Aclimação,ALA ACLIMACAO,26,04010-100,Aclimação,NOVO_BAIRRO,"bairro novo (Aclimação/Vila Leopoldina/Alto de Pinheiros) -- classificado automaticamente, sem ambiguidade"
Aclimação,MORRO DA ACLIMACAO,19,"04107-021, 04109-120, 04109-060, 04103-030, 04105-060",Aclimação,NOVO_BAIRRO,"bairro novo (Aclimação/Vila Leopoldina/Alto de Pinheiros) -- classificado automaticamente, sem ambiguidade"
Aclimação,JD ACLIMACAO,9,"01525-001, 01532-030, 04103-030, 04109-120, 04105-002",Aclimação,NOVO_BAIRRO,"bairro novo (Aclimação/Vila Leopoldina/Alto de Pinheiros) -- classificado automaticamente, sem ambiguidade"
Aclimação,JARDIM ACLIMACAO,6,"04103-030, 04108-070, 01529-010, 04104-050",Aclimação,NOVO_BAIRRO,"bairro novo (Aclimação/Vila Leopoldina/Alto de Pinheiros) -- classificado automaticamente, sem ambiguidade"
Aclimação,JARDIM DA ACLIMACAO,4,"01534-001, 04109-020, 01545-001, 04103-050",Aclimação,NOVO_BAIRRO,"bairro novo (Aclimação/Vila Leopoldina/Alto de Pinheiros) -- classificado automaticamente, sem ambiguidade"
Aclimação,AACLIMACAO,3,"01534-001, 04109-130, 04107-021",Aclimação,NOVO_BAIRRO,"bairro novo (Aclimação/Vila Leopoldina/Alto de Pinheiros) -- classificado automaticamente, sem ambiguidade"
Vila Leopoldina,VILA LEOPOLDINA,2632,"05315-030, 05319-000, 05089-070, 05303-000, 05305-030",Vila Leopoldina,NOVO_BAIRRO,"bairro novo (Aclimação/Vila Leopoldina/Alto de Pinheiros) -- classificado automaticamente, sem ambiguidade"
Vila Leopoldina,VL LEOPOLDINA,1730,"05313-000, 05303-903, 05305-002, 05303-000, 05302-902",Vila Leopoldina,NOVO_BAIRRO,"bairro novo (Aclimação/Vila Leopoldina/Alto de Pinheiros) -- classificado automaticamente, sem ambiguidade"
Vila Leopoldina,CD PODIUM V LEOPOLDINA,392,05089-030,Vila Leopoldina,NOVO_BAIRRO,"bairro novo (Aclimação/Vila Leopoldina/Alto de Pinheiros) -- classificado automaticamente, sem ambiguidade"
Vila Leopoldina,UPSIDE VILA LEOPOLDINA,111,05304-020,Vila Leopoldina,NOVO_BAIRRO,"bairro novo (Aclimação/Vila Leopoldina/Alto de Pinheiros) -- classificado automaticamente, sem ambiguidade"
Vila Leopoldina,V LEOPOLDINA,28,"05303-000, 05089-001, 05302-060, 05085-901, 05318-000",Vila Leopoldina,NOVO_BAIRRO,"bairro novo (Aclimação/Vila Leopoldina/Alto de Pinheiros) -- classificado automaticamente, sem ambiguidade"
Vila Leopoldina,VL. LEOPOLDINA,16,"05305-070, 05304-000, 05311-030, 05305-012, 05314-010",Vila Leopoldina,NOVO_BAIRRO,"bairro novo (Aclimação/Vila Leopoldina/Alto de Pinheiros) -- classificado automaticamente, sem ambiguidade"
Vila Leopoldina,V. LEOPOLDINA,9,"05302-001, 05303-000, 05314-010, 05313-010, 05305-070",Vila Leopoldina,NOVO_BAIRRO,"bairro novo (Aclimação/Vila Leopoldina/Alto de Pinheiros) -- classificado automaticamente, sem ambiguidade"
Vila Leopoldina,VLEOPOLDINA,5,"05089-001, 05302-901, 05318-050, 05305-007",Vila Leopoldina,NOVO_BAIRRO,"bairro novo (Aclimação/Vila Leopoldina/Alto de Pinheiros) -- classificado automaticamente, sem ambiguidade"
Vila Leopoldina,VL.LEOPOLDINA,5,"05303-903, 05305-010, 05302-001, 05314-010",Vila Leopoldina,NOVO_BAIRRO,"bairro novo (Aclimação/Vila Leopoldina/Alto de Pinheiros) -- classificado automaticamente, sem ambiguidade"
Vila Leopoldina,VILA  LEOPOLDINA,3,"05088-000, 05319-030",Vila Leopoldina,NOVO_BAIRRO,"bairro novo (Aclimação/Vila Leopoldina/Alto de Pinheiros) -- classificado automaticamente, sem ambiguidade"
Alto de Pinheiros,ALTO DE PINHEIROS,3569,"05458-901, 05458-900, 05458-001, 05466-907, 05472-000",Alto de Pinheiros,NOVO_BAIRRO,"bairro novo (Aclimação/Vila Leopoldina/Alto de Pinheiros) -- classificado automaticamente, sem ambiguidade"
Alto de Pinheiros,ALTO PINHEIROS,59,"05467-000, 05466-040, 05460-010, 05465-050, 05468-140",Alto de Pinheiros,NOVO_BAIRRO,"bairro novo (Aclimação/Vila Leopoldina/Alto de Pinheiros) -- classificado automaticamente, sem ambiguidade"
Alto de Pinheiros,ALTO DE  PINHEIROS,3,"05467-010, 05466-907, 05465-050",Alto de Pinheiros,NOVO_BAIRRO,"bairro novo (Aclimação/Vila Leopoldina/Alto de Pinheiros) -- classificado automaticamente, sem ambiguidade"
Alto de Pinheiros,ALTO  DE  PINHEIROS,3,"05466-020, 05455-002",Alto de Pinheiros,NOVO_BAIRRO,"bairro novo (Aclimação/Vila Leopoldina/Alto de Pinheiros) -- classificado automaticamente, sem ambiguidade"
