cep_prefixo,bairro_mercado_final
01315,Bela Vista
01408,Jardim Paulista
01532,FORA
01999,FORA
03001,FORA
03123,Parque da Mooca
04105,FORA
04119,Vila Mariana
04270,Ipiranga
04330,FORA
04332,FORA
04334,FORA
04335,FORA
04338,FORA
04339,FORA
04345,FORA
04347,FORA
04351,FORA
04355,FORA
04356,FORA
04357,FORA
04359,FORA
04363,FORA
04364,FORA
04365,FORA
04366,FORA
04368,FORA
04370,FORA
04376,FORA
04379,FORA
04385,FORA
04386,FORA
04401,FORA
04402,FORA
04403,FORA
04404,FORA
04405,FORA
04406,FORA
04407,FORA
04408,FORA
04409,FORA
04410,FORA
04411,FORA
04412,FORA
04413,FORA
04415,FORA
04416,FORA
04417,FORA
04419,FORA
04421,FORA
04424,FORA
04425,FORA
04426,FORA
04427,FORA
04428,FORA
04429,FORA
04430,FORA
04431,FORA
04432,FORA
04433,FORA
04434,FORA
04436,FORA
04437,FORA
04438,FORA
04439,FORA
04445,FORA
04446,FORA
04447,FORA
04455,FORA
04456,FORA
04457,FORA
04458,FORA
04459,FORA
04460,FORA
04461,FORA
04462,FORA
04463,FORA
04464,FORA
04466,FORA
04467,FORA
04468,FORA
04469,FORA
04470,FORA
04473,FORA
04474,FORA
04475,FORA
04476,FORA
04477,FORA
04505,Indianópolis
04506,Vila Olímpia
04523,Indianópolis
04545,Vila Olímpia
04547,Vila Olímpia
04550,Vila Olímpia
04556,Brooklin
04562,Brooklin
04567,Brooklin
04580,Brooklin
04581,Brooklin
04583,Vila Cordeiro
04602,Brooklin
04603,Campo Belo
04604,Ibirapuera
04609,Campo Belo
04610,Campo Belo
04611,Campo Belo
04612,FORA
04615,Campo Belo
04617,Campo Belo
04618,Campo Belo
04620,Campo Belo
04623,Brooklin
04624,Campo Belo
04626,Jardim Aeroporto
04627,FORA
04635,FORA
04636,FORA
04637,Jardim Petrópolis
04638,Jardim Petrópolis
04639,Jardim Petrópolis
04640,FORA
04641,Jardim dos Estados
04642,Jardim dos Estados
04645,FORA
04646,FORA
04647,FORA
04648,FORA
04649,FORA
04650,FORA
04651,FORA
04652,FORA
04653,FORA
04654,FORA
04655,FORA
04657,FORA
04658,FORA
04660,FORA
04661,FORA
04662,FORA
04663,FORA
04664,FORA
04671,FORA
04672,FORA
04673,FORA
04674,FORA
04675,FORA
04676,FORA
04677,FORA
04678,FORA
04679,FORA
04685,FORA
04686,FORA
04688,FORA
04689,FORA
04691,FORA
04692,FORA
04693,FORA
04696,FORA
04701,Alto da Boa Vista
04702,Brooklin
04703,Brooklin
04707,Brooklin
04708,Ibirapuera
04709,Chácara Santo Antônio
04710,Brooklin
04711,Vila São Francisco
04713,Chácara Santo Antônio
04714,Chácara Santo Antônio
04715,Chácara Santo Antônio
04716,Chácara Santo Antônio
04717,Chácara Santo Antônio
04718,Chácara Santo Antônio
04719,Chácara Santo Antônio
04720,FORA
04721,FORA
04722,FORA
04723,FORA
04724,FORA
04725,FORA
04726,Chácara Santo Antônio
04727,FORA
04728,Chácara Santo Antônio
04729,Chácara Santo Antônio
04730,Chácara Santo Antônio
04733,Alto da Boa Vista
04734,Alto da Boa Vista
04735,Alto da Boa Vista
04736,Alto da Boa Vista
04737,Alto da Boa Vista
04738,Alto da Boa Vista
04739,Alto da Boa Vista
04740,Alto da Boa Vista
04741,Jardim Santo Amaro
04742,Alto da Boa Vista
04743,Alto da Boa Vista
04744,Santo Amaro
04745,Santo Amaro
04746,Santo Amaro
04747,Santo Amaro
04748,Alto da Boa Vista
04750,Alto da Boa Vista
04751,Santo Amaro
04752,Santo Amaro
04753,Santo Amaro
04754,Santo Amaro
04755,Santo Amaro
04756,Santo Amaro
04757,Santo Amaro
04760,FORA
04763,FORA
04766,FORA
04767,FORA
04770,FORA
04771,FORA
04772,FORA
04773,FORA
04774,FORA
04775,FORA
04776,FORA
04777,FORA
04781,FORA
04782,FORA
04783,FORA
04784,FORA
04785,FORA
04787,FORA
04789,FORA
04803,FORA
04805,FORA
04809,FORA
04810,FORA
04811,FORA
04812,FORA
04813,FORA
04814,FORA
04815,FORA
04816,FORA
04821,FORA
04823,FORA
04824,FORA
04826,FORA
04827,FORA
04828,FORA
04829,FORA
04830,FORA
04831,FORA
04832,FORA
04833,FORA
04835,FORA
04836,FORA
04837,FORA
04841,FORA
04842,FORA
04843,FORA
04844,FORA
04845,FORA
04846,FORA
04848,FORA
04850,FORA
04851,FORA
04852,FORA
04853,FORA
04854,FORA
04855,FORA
04856,FORA
04858,FORA
04864,FORA
04870,FORA
04883,FORA
04896,FORA
04902,FORA
04904,FORA
04905,FORA
04906,FORA
04909,FORA
04910,FORA
04911,FORA
04912,FORA
04913,FORA
04914,FORA
04915,FORA
04916,FORA
04917,FORA
04918,FORA
04920,FORA
04921,FORA
04922,FORA
04923,FORA
04925,FORA
04926,FORA
04928,FORA
04929,FORA
04930,FORA
04931,FORA
04932,FORA
04933,FORA
04935,FORA
04937,FORA
04938,FORA
04939,FORA
04940,FORA
04941,FORA
04942,FORA
04943,FORA
04944,FORA
04945,FORA
04947,FORA
04949,FORA
04950,FORA
04951,FORA
04960,FORA
04965,FORA
05632,FORA
05634,FORA
05640,FORA
05642,FORA
05665,FORA
05692,FORA
05706,FORA
05707,FORA
05712,FORA
05713,FORA
05715,FORA
05716,FORA
05717,FORA
05718,FORA
05723,FORA
05724,FORA
05725,FORA
05726,FORA
05727,FORA
05728,FORA
05729,FORA
05731,FORA
05734,FORA
05735,FORA
05741,FORA
05742,FORA
05743,FORA
05745,FORA
05749,FORA
05750,FORA
05752,FORA
05754,FORA
05755,FORA
05756,FORA
05757,FORA
05758,FORA
05759,FORA
05760,FORA
05761,FORA
05762,FORA
05763,FORA
05765,FORA
05766,FORA
05767,FORA
05773,FORA
05774,FORA
05775,FORA
05776,FORA
05777,FORA
05778,FORA
05780,FORA
05781,FORA
05782,FORA
05784,FORA
05785,FORA
05786,FORA
05787,FORA
05788,FORA
05789,FORA
05790,FORA
05791,FORA
05792,FORA
05793,FORA
05794,FORA
05795,FORA
05796,FORA
05797,FORA
05798,FORA
05801,FORA
05802,FORA
05805,FORA
05812,FORA
05813,FORA
05814,FORA
05815,FORA
05816,FORA
05818,FORA
05819,FORA
05820,FORA
05821,FORA
05823,FORA
05830,FORA
05831,FORA
05832,FORA
05833,FORA
05834,FORA
05835,FORA
05836,FORA
05840,FORA
05841,FORA
05842,FORA
05843,FORA
05844,FORA
05846,FORA
05847,FORA
05848,FORA
05849,FORA
05850,FORA
05851,FORA
05852,FORA
05853,FORA
05854,FORA
05855,FORA
05856,FORA
05857,FORA
05858,FORA
05859,FORA
05860,FORA
05861,FORA
05862,FORA
05863,FORA
05864,FORA
05866,FORA
05867,FORA
05869,FORA
05870,FORA
05871,FORA
05872,FORA
05873,FORA
05874,FORA
05875,FORA
05876,FORA
05877,FORA
05878,FORA
05879,FORA
05880,FORA
05881,FORA
05882,FORA
05883,FORA
05884,FORA
05885,FORA
05886,FORA
05887,FORA
05888,FORA
05889,FORA
05890,FORA
05891,FORA
05892,FORA
05893,FORA
05894,FORA
