cep_prefixo,vendas_revenda_12m,vendas_planta_12m,unidades_iptu,principais_logradouros,bairro_mercado
04750,23,469,507,Rua Dr Antonio Bento; Rua Cel Luis Barroso; Rua Dr Carlos Augusto De Campos; Rua Cerqueira Cesar; Rua Vera Cruz,
05754,30,0,962,Rua Jaracatia; Rua Cibauma; Rua Ecauna,
04674,48,0,937,Avenida Sarg Geraldo Santana; Rua Jose Benedito Salinas; Rua Jose Jardim Da Silveira; Rua Brazil Ferreira Martins; Rua Teixeira De Abreu,
04729,65,135,715,Rua Luiz Seraphico Junior; Rua Carmo Do Rio Verde; Rua Missionarios; Rua Leriucu; Rua Castro Verde,
04726,31,0,780,Rua Luis Correia De Melo; Avenida Joao Carlos Da Silva Borges; Rua Visc De Taunay; Rua Joao Bras De Souza; Rua Dr Samuel De Castro Neves,
04696,28,18,637,Rua Galeno De Castro; Avenida Eng Eusebio Stevaux; Rua Ricardo Martinez Lourente; Rua Cristalino Rolim De Freitas,
04741,24,0,471,Rua Cd De Itu; Rua Darwin; Rua Desem Francisco Meirelles Dos Santos; Rua Leontina Attuy Nogueira; Rua Dr Javert De Andrade,
05724,21,0,473,Avenida Alberto Augusto Alves; Avenida Giovanni Gronchi,
04730,2,459,10,Rua Dr Rubens Gomes Bueno; Rua Centro Africana; Rua Dakar; Rua Verava; Rua Acari,
04939,13,0,412,Rua Bento Rodrigues; Rua Jose Da Costa Lima; Rua Bocaina De Minas; Rua Jose Gomes Ferreira; Rua Sta Rita Do Sapucai,
04686,23,25,377,Avenida Nsra De Sabara,
04744,7,128,278,Rua Iguatinga; Rua Cap Fidelis; Rua Gal Roberto A De Carvalho Filho; Rua Domingos Prado; Rua Sen Flaquer,
05755,11,0,391,Avenida Anace; Rua Itamanduaba,
04746,13,0,372,Rua Da Matriz; Rua Dr Nuno De Assis; Rua Brasilio Luz; Rua Susana Rodrigues; Rua Benedito Fernandes,
04671,7,154,168,Rua Dom Aguirre; Rua Socrates; Rua Dr Ferreira Lopes; Rua Arlindo Veiga Dos Santos; Rua Duq Costa,
04735,10,0,304,Rua S Benedito; Praca Cel Lisboa; Travessa Joao Jorge Maluf; Rua Madre Ana De Sao Jose; Rua Madre Maria Da Assuncao Soares,
04662,8,0,276,Avenida Washington Luis; Rua Guaxatuba; Rua Piranchin; Rua Artur Tescaro; Rua Crispim Hessel,
04737,5,0,271,Rua Min Roberto Cardoso Alves; Rua Min Jose G R Alckmin; Rua Graham Bell; Rua Manoel Christi Manzini,
04738,12,0,264,Rua Mal Deodoro; Rua Cd Deu; Rua Da Fraternidade; Travessa Alfredo Le Pera; Rua Cap Calman De Moricz Tecso,
04728,2,172,101,Rua Laguna; Rua Joao Vitorino De Souza; Rua Baldomero Girbal Cortada; Rua Angelo Pariz Fornaza; Rua Dr Danton Marques,
04739,12,0,261,Rua S Jose; Rua Nove De Julho; Rua Sen Vergueiro; Rua Irineu Marinho; Rua Otavio Ribeiro Da Silva,
04675,14,0,241,Avenida Dr Silva Melo; Rua Tte Jose Maria Pinto; Rua Sarg Donato Ribeiro; Rua Sarg Manuel Barbosa Da Silva; Avenida Eng Alberto De Zagottis,
05801,1,202,11,Rua Luiz Grassmann; Rua Manuel Manso De Avelar; Rua Tinoco Barcelos; Rua Vitalina Grassman; Travessa Vide Monte,
05877,1,0,212,Avenida Guaruja; Rua Tomas Pompeu; Rua Renato Da Cunha; Rua Enrico Drampolini; Rua Bernardim Ribeiro,
04702,4,103,106,Avenida Sto Amaro; Travessa Prof Orlando Alvarenga Gaudio,
04747,11,3,194,Rua Pde Chico; Rua Borba Gato; Rua Sto Aristides; Rua Leme Do Prado; Rua Belterra,
04753,5,0,181,Avenida Pde Jose Maria; Rua Gal Braulio Guimaraes; Rua Dr Licinio Maragliano; Rua Mons Magaldi; Rua Dr Sebastiao Lappetina Russo,
04742,2,0,181,Rua Pde Jose De Anchieta; Rua Baxiuva; Rua Sta Zoe; Rua Tore; Rua Macachera,
04733,1,90,90,Avenida Adolfo Pinheiro,
04470,2,0,179,Rua Eng Caio Dias Batista; Rua Salvador Dali; Rua Lucio Dias Da Fonseca; Rua Adauto Lemos; Rua Antonio Caserta,
04756,4,0,175,Rua Jose Abrantes; Rua Angelo De Lucia; Rua Tertuliano Branco De Miranda; Rua Canto E Melo; Rua Jose Guilger Sobrinho,
05886,1,0,176,Rua Acomayo; Rua Nicolo Di Pietro; Rua Adonara,
04660,5,0,171,Avenida Interlagos; Rua Duran; Rua Itubore; Rua Olissara; Rua Dezessete De Outubro,
04734,3,0,166,Avenida Adolfo Pinheiro; Praca Sta Cruz,
04710,7,0,160,Rua Antonio Pacheco Valente; Rua Thomas Deloney; Rua Diogo De Quadros; Rua Dulce Ribeiro Leme; Rua Cancioneiro Popular,
04458,1,0,163,Rua Bruno Taut; Rua Zike Tuma; Rua Colastine; Avenida Marginal J Ubirajaras Ama; Rua Dilermando Reis,
04475,0,0,143,Rua Vicente Strichalsky; Rua Ferdinando Paer; Rua Da Granja; Avenida Aldo Joao Rinaldi; Rua John Ebers,
04716,4,0,135,Rua Fernandes Moreira; Rua Pires De Oliveira; Rua Bento Barbosa; Alameda Calcuta; Alameda Das Quaresmeiras,
04727,1,0,117,Rua Min Nelson Sampaio; Rua Braganca Paulista; Rua Dr Fritz Martin; Rua Caucaso; Rua Joaquim Dos Reis,
04755,2,0,114,Rua Vig Taques Bitencourt; Rua Gibraltar; Rua Ada Negri; Rua Jupi; Rua La Paz,
04721,2,0,114,Rua Madre Rita Amada De Jesus; Rua S Mateus; Rua Da Granja Julieta; Rua Adalberto De Andrade Pina; Rua Br De Cotegipe,
04743,2,0,105,Rua Prom Gabriel Nettuzzi Perez; Rua Isabel Schmidt; Rua Desem Bandeira De Mello; Rua Br De Duprat; Rua Carlos Gomes,
04673,3,0,101,Rua Igati; Rua Iepe; Rua Francisco Rey Parrado; Rua Andaquara; Rua Aguaraiba,
04736,6,0,96,Rua Comen Elias Zarzur; Rua Joao Pimenta; Rua Versalhes; Rua Irma Haydee Ribeiro,
04663,2,0,96,Rua Min Alvaro De Souza Lima; Rua Mal Renato Paquet; Rua Dr Abilio Martins De Castro; Rua Lavinia Fenton; Rua Marjorie Prado,
04455,1,0,89,Rua Orlando Pinto Ribeiro; Rua Cenerino Branco De Araujo; Rua Laura Dos Anjos Ramos; Rua Joao Scatamacchia; Rua Eng Domicio De L Pacheco E Silva,
04693,3,0,86,Rua Manuel Figueiredo Landim; Rua Profa Haidee Silva Martins; Rua Geraldo Pacheco Valente; Rua Alexandre Jorge Da Cruz; Rua Domingos Goncalo,
05878,0,0,88,Rua Gaetano Previati; Rua Ermano De Stradelli; Rua Martins Sarmento; Rua Margarida Bassiano; Rua Falcon,
04824,1,0,87,Avenida Orvalho Do Sol; Rua Palmeira Do Mar; Rua Da Avelaneira; Rua Raiz De Guine; Avenida Do Arvoreiro,
04709,2,0,85,Rua Do Estilo Barroco; Rua Bela Vista; Rua Henri Dunant; Rua Paulo Gomes; Rua Victor Correa De Mello,
04650,6,0,78,Rua Nilo Torres; Rua Manuel Alonso Medina; Rua Jose Neves; Rua Libero Ripoli; Rua Manguaba,
04723,4,20,59,Avenida Joao Dias,
04763,1,0,81,Travessa Frederico Hessel Sobrinho; Rua Luis L Reid; Rua Jose Rafaeli; Rua Das Trovas; Rua Servia,
04752,0,0,80,Rua Amador Bueno; Rua Dr Shai Agnon; Rua Alves De Siqueira; Rua Prof Oscar Ramos Arantes; Rua Karl Czernick,
04678,1,0,76,Rua Prof Djalma Bento; Rua Prof Guilherme Belfort Sabino; Rua Joao Franco Oliveira; Rua Jose Homero Roxo; Rua Jose Zeferino Peixoto,
04402,4,0,73,Rua Frei Manuel Calado; Avenida Marari; Rua Faustino Augusto Cesar; Rua Guiomar Branco Da Silva; Rua Valdomiro,
04473,1,0,72,Rua Dos Piracas; Rua Das Moreias; Rua Dos Camuripins; Avenida Das Garoupas; Rua Das Espadas,
04421,5,0,68,Rua Olegario Paiva; Rua Paschoal Grieco; Rua Maria Balades Correa; Rua Prof Freitas Juliao; Rua Ada,
04445,1,0,71,Rua Joao Ferreira De Abreu; Rua Afonso Araujo Almeida; Rua Alessandro Manzoni; Rua Itapui; Rua Elydio Rodrigues Nunes,
04469,3,0,69,Rua Alexandre Eder; Rua Joao De Araujo; Rua Pde Joao Pedro Gay; Rua Maria Aparecida Franchini Neto,
04724,4,0,66,Avenida Joao Dias; Rua Eng Francisco De Godoi,
04636,2,0,66,Avenida Prof Vicente Rao,
04725,3,0,65,Rua Dr Vito Rolim De Freitas; Rua Antonieta Revoredo; Rua Julio Verne; Rua Emidio Branco De Araujo; Rua Rosa Simoncello Capelli,
04648,3,0,64,Rua Adolfo Casais Monteiro; Rua Robelia; Rua Antonio Pereira Mendes; Rua Dr Gentil Leite Martins; Rua Maria Do Carmo Borba Araujo,
04677,1,0,63,Rua Huitaca; Rua Diogo Rodrigues Marques; Rua Antonio De Oliveira Gago; Rua Vito Bovino; Rua Edmundo Luis De N Teixeira,
04459,2,0,61,Rua Aristides Nogueira; Rua Sta Ursula; Avenida Batista Maciel; Rua Antonio Do Campo; Rua Aquiles Estaco,
04456,2,0,61,Rua Borba Pereira; Rua Cd Luiz Zunta; Rua Prof Amador De Lima Junior; Rua Pascoais; Rua S Estanislau,
04701,0,58,4,Avenida Sto Amaro,
04745,1,0,60,Alameda Sto Amaro; Praca Dom Francisco De Sousa; Rua Carolina Cardoso De Oliveira; Rua Manuel Antonio Da Luz,
05844,1,0,59,Rua Baucis; Rua Pedro Flamenco; Rua Paulo Lemore; Rua Aribugu; Rua Francisco Assis Garrido,
04664,2,0,55,Travessa Paulo Mendes Campos; Rua Min Alvaro De Souza Lima; Travessa Julio Contier; Rua Sebastiao Pereira Leite; Rua Marie Satzke,
04852,0,0,56,Rua Fabio Constantini; Rua Irma Maria Lourenca; Rua Nicola Vaz; Rua Luiz Otavio; Rua Maj Jose Lopes,
04679,2,0,54,Rua Narimatsu Keijo; Rua Vitorio Trevillato; Rua Dr Joao De Oliveira Mattos; Rua Joao Carlos De Artur; Rua Maria Antonia Carmona,
04827,1,0,51,Rua Walter Pereira Correia; Rua Jose Augusto De Macedo; Rua Jose Calixto Guimaraes; Rua Pascoal Bergamini; Rua Penedo De Castro,
04754,0,0,52,Avenida Mario Lopes Leao; Rua Domingos Da Rocha Meira; Rua Camilo Prates; Rua Francisco Arvani; Rua Placido Vieira,
04740,1,0,51,Rua Joaquim Jose Esteves; Rua Alberto Hodge; Rua Dr Felipe Figliolini,
04691,0,0,50,Rua Taguapaca; Rua Toninhas; Rua Una Da Aldeia; Rua Alvaro Afonso; Rua Una Do Prelado,
05729,1,0,49,Rua Alexandre Benois,
04722,2,0,47,Rua Bernardino Machado; Rua Manuel Pereira Guimaraes; Rua Dona Maria Augusta Rolim Loureiro; Rua S Ludgero; Rua Alves Pontual,
04446,2,0,47,Rua Juari; Rua Tabare; Rua Jose Da Fonseca Nadaes; Rua Curia; Rua Jaime Rodrigues,
04434,0,0,47,Rua Samuel Arnold; Rua Nicolau Isnardo; Rua Manfredo; Rua Ernestina Terraciano Siebel; Rua Michel Carre,
04640,1,0,46,Rua Miranda Guerra; Avenida Prof Rubens Gomes De Souza; Rua Cassiano Ricardo; Rua Dr Francisco Malta Cardoso; Rua Gabriel Steixeira De Carvalho,
04645,2,0,44,Rua Breves; Rua Marcondesia; Rua Marituba; Rua Arataca; Rua Estuario,
04676,2,0,44,Rua Sto Alberto; Rua Pierre De Beranger; Rua Santana; Rua Sto Andre; Rua Niderau Felix Machado,
04672,1,0,44,Rua Dom Jose Antonio Dos Reis; Rua Jose Pedro Da Silveira; Rua Dr Armando Da Silva Prado; Rua Humberto De Queiros; Rua Dr Rubens Leite De Matos,
04685,1,0,43,Avenida Nsra De Sabara,
04851,0,0,43,Rua Affonso Paulillo; Rua Joao Da Costa Moreira; Rua Pedro Escobar; Rua Manuel Da Costa Duarte; Rua Domingos Garcia Velho,
04661,3,0,39,Avenida Interlagos; Rua Sumeria; Rua Henrique Jorge Guedes,
04870,0,0,41,Rua Agostinho Montez; Rua Prof Abel Elias De Oliveira; Rua Jose Pais Falcao; Rua Dr Joaquim Ferreira Lima; Avenida Matilde De Lutis Barbosa,
05821,0,0,38,Rua Manoel Barrio Garcia; Rua Expedito De Oliveira Santos; Rua Fausto De Gounod; Avenida Raquel Alves Moreira; Rua Manuel Filx Fernandes,
04438,1,0,36,Rua Eriberto Barros Cajazeiras; Rua David Eid; Rua Andre De Zunega; Rua Emba Dora De Vasconcelos; Rua Diogo Barbosa Rego,
05725,2,0,34,Rua Abdo Ambuba; Rua Frei Duarte Jorge De Mendonca,
05842,1,0,34,Rua Gregorio Allegri; Rua Francisco De Figueiredo,
04937,0,0,35,Rua Prof Barroso Do Amaral; Estrada Guavirituba; Rua Dos Andantinos; Rua Prof Jose Maria Chaves; Rua Ivaldo Vital Pereira,
04708,0,12,22,Rua S Sebastiao; Rua Cancioneiro De Evora; Rua Sen Milton Campos; Rua Rafael Chiarella Netto; Rua Dr Nelson Rodrigues,
05716,0,0,34,Rua Itamira; Rua Iubatinga; Rua Itapimirum; Rua Jamanari,
05869,0,0,33,Ac Um Jd Sonia Inga; Ac Dois Jd Sonia Inga; Ac Tres Jd Sonia Inga; Rua Marco Basaiti; Rua Alfredo Ometecidio,
04447,0,0,33,Avenida Nsra De Sabara; Rua Prof Anisio Goncalves Mareco; Ps Breno Caldas,
04467,0,0,33,Rua Dr Sa Pires; Rua Robert Bird; Estrada Do Alvarenga; Rua Dom Joao Batista Neri; Rua Belarmino Belisario De Araujo,
04603,2,0,30,Rua Dos Brasoes; Rua Joao Pais; Avenida Ver Jose Diniz,
04457,0,0,32,Rua Rafael Correia Sampaio; Rua Luis Bueno De Miranda; Rua Laurindo De Azevedo Marques; Rua Marino Pinto; Rua Orestes Barbosa,
04689,2,0,29,Rua Olaviano Gabriel De Oliveira; Rua Beijui; Rua Dr Antonio Ramos Leite; Rua Epifania; Rua Natuba,
04718,1,0,30,Rua Cap Otavio Machado; Rua Antonio De Oliveira; Rua Branco De Morais; Rua Napoleao De Carvalho Freire; Rua Pais Da Silva,
04652,0,0,31,Rua Joao Gomes Batista; Rua Luiza Marcelina Chaib; Rua Damasio Rodrigues Gomes; Rua Luis Carlos Parana; Rua Salgueiral,
05763,0,0,30,Rua Lira Cearense; Rua Afonso Dias; Rua Do Repicar Dos Sinos; Rua Gaspar Coqueiro; Rua Joao Rodrigues De Moura,
04940,0,0,29,Rua Maria Cortada Codorniz; Rua Olga Moretti Ferrari; Rua Celestino Joaquim Da Costa; Rua Bonifacio Fernandes; Rua Carmelo Cali,
04651,1,0,28,Rua Dr Ubaldo Franco Caiube; Avenida Cel Francisco Julio Cesar Alfieri; Rua Wilson Vallim; Rua Maria Ramos; Rua Jose Antonio Martins,
04784,0,0,28,Rua Plinio Espindola Kerr; Rua Dr Nelson Pizzotti Mendes; Avenida Eng Alberto Kuhlmann; Rua Dr Walter Campos; Rua Antonio De Sousa Bastos,
05856,0,0,27,Rua Manoel Fialho; Rua Vicente Da Costa Abreu; Rua Maest Von Karajan; Rua Francisco Rego; Rua Sebastiao Advincula Da Cunha,
04468,0,0,27,Rua Dom Joaquim Luna; Rua Pontes De Morais; Rua Prof Dantas Junior; Rua Con Antonio Pinto; Rua Joaquim Luis Bispo,
05794,0,0,27,Rua Thomaz De Araujo; Rua Vicente Pinheiro; Rua Raul Dos Santos Machado; Rua Joao Bernardo Vieira; Rua Manuel Pedro De Almeida,
04474,1,0,25,Estrada Do Alvarenga; Rua Das Cambevas; Rua Antonio Pires Dos Santos; Rua Dos Caratais; Rua Dos Capiunas,
04751,1,0,25,Praca Floriano Peixoto; Praca Dr Francisco Ferreira Lopes; Rua Ttcel Carlos Da Silva Araujo; Rua Cap Tiago Luz,
04658,0,0,26,Rua Vicente Pereira De Assuncao; Rua Tomas Teixeira; Rua Amador Lourenco; Rua Fernando De Trejo; Rua Jorge Martinho Prado,
04641,1,0,25,Rua Regina Badra; Rua Das Barcas; Praca Dr Hermann Jose De Revoredo; Rua Jose Morales Lopes; Rua Carlo Rainaldi,
05820,0,0,25,Rua Nova Do Tuparoquera; Rua Poco De Pedra; Rua Capitanias Hereditarias; Rua Henri Amiel; Rua Pedro Armani,
04717,0,2,23,Rua Alexandre Dumas; Rua Pedroso De Camargo; Rua Rodrigues Pais,
04757,0,0,23,Rua Alvares Lobo; Rua Eng Antonio Faggion; Rua Bento Branco De Andrade Filho; Rua Paula Cruz; Rua Adele,
05849,1,0,22,Rua Conrad Faber; Rua Jose Lopes Pereira; Rua Maria Fontana Priolli; Rua Manuel De Burgos; Rua Br Nicolino Barra,
04649,7,0,15,Rua Ossian Terceiro Teles; Rua Sebastiao Andrade Bonani; Rua Pde Bento Ibanez; Rua Francisco Teles Dourado; Praca Fontes Pereira,
04918,0,0,22,Rua Martinho Jacob Kremer; Rua Urubiata; Rua Verdun; Rua Huelva; Rua Quisiro,
04424,0,0,21,Avenida Angelo Cristianini; Rua Primo Fazzini; Praca Paulo Klenau; Rua Luisa; Avenida Dr Torres Neto,
04938,1,0,20,Rua Dos Melismas; Rua Das Coloraturas; Rua Das Antifonas; Rua Do Cromatismo; Rua Das Modulacoes,
04401,0,0,20,Rua Salvador Rodrigues Negrao; Rua Manuel Correia De Paiva; Rua Jose Pais Das Neves; Rua Teodosio Nobre; Rua Manuel Rodrigues Da Fonseca,
04829,1,0,19,Rua Luiz Gonzaga Davila; Rua Portela De Gois; Rua S Jose Bento Cottolengo; Rua Marcelino Fernandes; Rua Carolina Michaelis,
05717,0,0,20,Rua Alcantarilla; Rua Jose Ramon Urtiza; Rua Itajara; Rua Fabio Lopes Dos Santos Luz; Rua Almaden,
04719,0,0,20,Rua Verbo Divino; Rua Josef Pulitzer; Rua Paul Valery; Rua Booker Pittman; Rua Ricardo Lunardelli,
04711,1,0,18,Rua Mario Enzio Pasqualucci; Rua Despraiado; Rua Enxovia; Rua Amaro Guerra; Rua Eng Mesquita Sampaio,
04811,0,0,18,Rua Joao Cariani; Rua Americo Nunes; Rua Mario De Azevedo,
04463,0,0,18,Rua Joaquim Do Lago; Rua Do Sossego; Rua Mariana Borges; Rua Matsuichi Wada; Rua Conceicao Da Boa Viagem,
05835,2,0,16,Estrada De Itapecerica,
04476,0,0,18,Rua Lucia Parente Serra; Rua Pedro Francisco R De Souza; Avenida Alda; Rua Tatu; Rua Vinte Eldorados Ama,
04713,1,0,17,Rua Da Paz,
04639,0,0,18,Rua Job Lane; Rua Dos Vinhedos; Rua Acanga; Rua Aziz Nader,
04815,0,0,17,Rua Djalma Pessolato; Rua Joao Rafael Jafet; Rua Ricardo Moretti; Rua Celso Lara Barberis; Avenida Do Jangadeiro,
04627,1,0,16,Avenida Washington Luis; Rua Prof Rolando Angelo Tenuto; Rua Badia Kappaz Sabbag; Travessa Pedro Ermini,
04642,0,0,17,Rua Visc De Porto Seguro; Rua Canuma; Rua Mariano Da Costa,
04407,0,0,17,Rua Dom Joao Soares Coelho; Rua Benedito Pereira Da Silva; Rua Reinaldo Dos Santos,
05752,0,0,16,Estrada Dos Mirandas; Rua Roberto Bacchi; Rua Antonio Cabral; Rua Caboclinho,
05777,1,0,15,Rua Rafael De Proenca; Rua Vilar De Figos; Estrada Do Campo Limpo; Rua Sebastiao Dias Manelim,
05775,0,0,16,Rua Prof Leitao Da Cunha; Rua Zacarias Dias Cortes; Rua Francisco Jeronimo; Rua Melo Coutinho; Rua Manuel De Magalhaes,
04714,0,0,16,Rua Antonio Das Chagas; Rua Lamartine Babo; Rua Jose De Carvalho; Rua Dr Joaquim De Carvalho,
05731,0,6,10,Avenida Das Belezas; Rua Antonio Fonseca Ramalho; Rua Antonio Alves Vale; Rua Caetano De Odivelas; Rua Francisco Xavier Cabral,
04715,1,0,15,Rua Americo Brasiliense; Rua Branco De Araujo; Rua Inacio Borba; Rua Antonio Jose Borges,
04809,0,0,16,Rua Jose Andre Pattini; Rua Aquilino Goncalves Da Silva; Rua Matheus Jose Pires; Rua Maria Aparecida Anacleto; Rua Augusta Reimberg,
04427,0,0,16,Ps Sem Den Americanopolis; Rua Desem Olavo Ferreira Prado; Rua Tufi Mattar; Rua Giacomo Laurivolpi; Rua Carlos Facchina,
04688,0,0,16,Rua Carlos Roberto Barreiro; Rua Marcelino Zonta; Rua Nova Fatima; Rua Agostinho Gualda Martin; Rua Delfinopolis,
05860,0,0,16,Rua Alm Luis Penido Burnier; Rua Clotilde Orsolini Morana; Rua Antonio Jose Viveira; Rua Joaquim Braga; Rua Antonio Gomes Eiras,
04647,2,0,13,Rua Jacatirao; Rua Eng Alonso De Azevedo,
05734,0,0,15,Rua Carajeru; Rua Chapada De Minas; Rua Nelson Gama De Oliveira,
04437,0,0,15,Rua Pascoal Da Ribeira; Avenida Joao Peixoto Viegas; Rua Gaspar Colaco Vilela; Rua Manuel Vaz; Rua Antonio Zouro,
05880,1,0,14,Rua Mario Totta; Rua Vilar De Amargo; Avenida Da Moenda Velha; Rua Cunha Seixas,
04932,1,0,14,Rua Jose Guilherme Da Silva; Rua Ester De Barros Oliveira; Rua Guilherme De Faria; Rua Alois Haba; Rua Julio Nunes Nogueira,
04403,0,0,15,Rua Francisco Alvares; Rua Sassaki; Rua Conrado Caldeira Brant; Rua Lourenco Antonio Braganca; Rua Domingos Fernandes Bitencourt,
04904,0,0,15,Rua Anhandui Mirim; Rua Isac Dias Grou; Rua Antonio Raposo Barreto; Rua Barbosa Vilas Boas; Rua Asdrubal Goncalves,
04429,0,0,15,Rua Estampa Esportiva; Rua Profa Iole Maria Carmona; Rua Gertrude Kappel; Rua Eide Morena; Rua Jornal Do Comercio,
04720,1,0,13,Rua Dona Eponina Afonseca; Rua Plinio Negrao; Rua Barbosa Lopes; Rua Duarte Leite; Rua Br De Itaim,
04646,0,0,14,Rua Guilherme Asbahr Neto; Rua Dep Martinho Rodrigues; Rua Dr Rubens De Azevedo Marques; Rua Bernard Schlanger,
05727,0,0,14,Rua Eng Antonio Jovino; Rua Jose De Oliveira Coelho; Rua Jose Goncalves; Rua Aureliano Guimaraes; Rua Francisco Pessoa,
05816,0,0,14,Rua Paolo De Firenze; Rua Miguel Dias De Arzao,
04835,1,0,13,Rua Manoel Lopes; Rua Juan De Toledo; Rua Maximo Paulino Dos Reis; Rua Manoel De Lima; Rua Serra Talhada,
04776,1,0,13,Avenida Do Rio Bonito; Rua Angelo Santi; Rua Pedro Andrade Lemos; Travessa Mario Xavier De Borba; Rua Prof Francisco Lopes Chagas,
04431,0,0,14,Rua Manuel Rodrigues Mexelhao; Rua Inacio De Bulhoes; Rua Alice Dos Santos Peixe; Rua Maria Clotilde Martins Rocha; Rua Pedro Fernandes Aragao,
05776,0,0,14,Rua Pedro Leolino Mariz; Rua Viegas Xortes; Rua Manuel Pinto; Rua Jose Pereira Bueno; Rua Caruxa,
05780,0,0,14,Rua Hugo; Rua Vitorio; Rua Dr Osvaldo Mellone; Rua Antonio Carneiro; Rua Adelino De Magalhaes,
04430,0,0,14,Rua Papa Gregorio Magno; Rua Alexandre Kipnis; Rua Pde Augusto Lombardi; Rua Dep Gilberto Chaves; Rua Mons Jose Marinoni,
04583,0,0,14,Travessa Andrea Adolfati; Rua Joao Amaro; Avenida Arq Carlos Bratke; Rua Nicolau Barreto; Avenida Cecilia Lottenberg,
04933,1,0,12,Rua Da Gaita De Foles; Rua Do Flajole; Rua Dos Oboes; Rua Do Pirofone,
04941,0,0,13,Rua Seringal Do Rio Verde; Rua Tijuco Da Serra; Estrada Mboi Mirim; Rua Antigo Continente; Estrada Da Baronesa,
04655,0,0,13,Rua Vitantonio Dabril; Rua Frei Francisco De Sampaio; Rua Antonio Gil; Rua Maria Teresinha Dabril; Rua Lais Dantas De Mattos,
04617,0,0,13,Rua Vieira De Morais,
05847,0,0,13,Rua Yoshimara Minamoto; Avenida Jacobus Baldi; Rua S Celestino; Rua Vatinga; Rua Macajuba,
04405,0,0,12,Rua Jose Eid Maluf; Rua Do Espigao; Rua Profa Maria Bitencourt Petit; Rua Frei Gaspar Da Cruz; Rua Augusto Roy,
05833,0,0,12,Rua Massimo Azeglio; Rua Mateus De Peruggia; Rua Da Danca Cigana; Rua Gal Carlos Luiz Guedes; Rua Raimon De Miraval,
04930,0,0,12,Rua Alfredo Cabral De Oliveira; Rua Guilherme De Poitiers; Rua Jose Matias; Rua Jose Jorge Duarte; Rua Julia Ferreira Da Silva,
04462,0,0,12,Estrada Do Alvarenga; Rua Cel Antonio Inojosa; Rua Miguel Mauricio Ramalho; Rua Jose Ribeiro De Andrade,
04830,0,0,12,Rua Regina Mestre Alonso; Rua Contos Amazonicos; Rua Jean Leblond; Rua Joao Leme Do Prado; Rua Alvares Correia,
04623,0,0,12,Rua Tome Portes; Rua Emboabas; Rua Dr Joviano Telles; Rua Pirandello; Rua Eng Adelmar De Mello Franco,
05875,0,0,12,Rua Joao De Almada; Rua Paolo Porpora; Rua Alberto Borges Soveral; Rua Pietro Da Milano; Rua Francisca Queiros,
04432,0,0,12,Avenida Eduardo Pereira Ramos; Rua Dina De Azevedo Alvim; Rua Cesar Costa; Rua Rev Daily Resende Franca; Rua Peixoto De Melo Filho,
04836,0,0,11,Rua Narciso Guerra; Rua Jose Bocchiglieri; Rua Bento Moreira; Rua Elvira Garrelli Wafae; Rua Venancio Poletti,
04914,0,0,11,Rua Goncalo Fernandes; Rua Domingos Afonso Sertao; Rua Miguel Luis Figueira; Rua Juliao Afonso Serra; Rua Bacio De Filicaia,
04949,4,0,7,Rua Cristovao De La Cruz; Rua Boaventura Furtado De Morais; Avenida Duarte Ramos Furtado; Rua Francisco Homem De Elrei; Rua Luis Furquim,
04653,0,0,11,Rua Oscar Schade; Rua Darabi; Rua Raul Marques Marinho; Rua Honorinda Josefa Da Silva; Rua Rubem De Souza,
05863,0,0,11,Rua Simon Bening; Rua Ludovice; Rua Victor Baltard; Rua John Redford; Rua Domingos Antonio De Morais,
05836,0,0,10,Rua Eng Americo Da Graca Martins; Rua Francisco Xavier De Abreu; Rua Alvaro Adorno; Rua Pedro De Candia; Rua Paulo Guimaraes,
05774,0,0,10,Rua Valentim De Abreu; Rua Francisco Soares; Rua Andrea Appiani; Rua Constantino De Oliveira Ledo; Rua Cearuni,
05802,0,10,0,Avenida Guido Caloi,
05889,0,0,10,Rua Silvia De Faria Marcondes; Rua Nilton Machado De Barros; Rua Valdomiro Rizzo; Rua Bras Albanese; Rua Gal Ribamar De Miranda,
04812,0,0,10,Rua Anastacio Da Costa; Rua Diogo De Braga; Rua Jose Manuel De Oliveira; Rua Cristovao Cabral; Rua Manuel Brandao,
04770,1,0,9,Rua Edson Regis; Rua Antonio Da Cruz Machado; Rua Manuel Raimundo Querino; Avenida Antonio Verissimo Alves; Rua Dr Euripedes Milano,
05859,1,0,9,Rua Jose Martins De Aguiar; Rua Domingos Elias De Almeida; Alameda Jose Lopes De Almeida; Rua Manoel Jose Pereira; Rua Jan Liss,
05713,2,0,8,Rua Do Simbolo; Rua Antonio Aggio; Rua Do Angulo; Rua Marie Nader Calfat,
04433,0,0,10,Rua Pedro Goncalves Meira; Rua Oscar De Barros; Rua Jose Alves Nogueira; Rua Glycerio Almeida Maciel,
04363,0,0,10,Avenida Damasceno Vieira; Avenida Mascote; Rua Arapa,
05782,2,0,8,Rua Edmundo Amaral Valente; Rua Edith Junqueira De A Marques; Rua Pedrina Maria Da Silva Valente; Rua Antonio Ambuba,
04855,0,0,9,Rua Nereu Bertini Magalhaes; Rua Mal Emanuel Marques Porto; Rua Cesare Martinengo; Rua Manuel Vergueiro; Rua Dos Ciclopes,
04902,0,0,9,Rua Aria; Rua Jauru; Rua Apatuca; Rua Francisco Xavier Da Rocha; Rua Eng Abrahao Diab Maluf,
04843,1,0,8,Rua Joao Leite Jachinovski; Rua Irina Milchev Starbulov; Rua Emmanuel Chabrier; Rua Puerto Suarez; Rua Dr Roque Marchese,
05885,0,0,9,Rua Fermela; Rua Toyomi Suyama; Rua Clavital; Rua Majer Kucinski; Rua Macinhata Do Vouga,
05882,1,0,8,Rua Medelim; Rua Orvalho; Rua Tiuma; Rua John Adams; Rua Tarira,
05642,1,0,8,Rua Marcus Pereira; Rua Charles Spencer Chaplin,
04832,1,0,8,Rua Jonathan Swift; Rua Brest; Avenida Orfeo Paravente; Rua Baltazar; Rua Bernardo De Claraval,
04823,0,0,9,Rua Joaquim Dos Santos; Rua Carlos Roberto Cavanhas; Rua Rosa Nascimento Lima; Travessa Vicente De Paula Pires; Rua Rodrigo Franco,
04368,1,0,8,Rua Joao Elias Calache; Rua Antonio Da Costa Pimentel; Rua Josephina Martinelli Da Silva; Rua Antonio Pagano; Rua Do Arcipreste,
05874,1,0,8,Rua Maiteno; Rua Alvaro Ferreira; Rua Vermelino De Almeida; Rua Porta Do Prado,
05862,0,0,9,Rua Joao De Gois; Avenida Diogo Correia De Sande; Rua Francisco De Almeida; Rua Jose Nunes; Rua Miguel Lopes,
05757,0,0,9,Rua Diogo Martins; Rua Clementino Cunha; Rua Lourenco Saporito; Rua Gaspar De Meneses,
05797,0,0,8,Rua Jose Maximo Pinheiro De Lima; Rua Silvio Gallicho; Travessa Carlos Krugger; Rua Antonio Pompeu De Camargo; Rua Luis Carlos De Moura Campos,
05756,0,0,8,Rua Quipa; Rua Manicoba; Rua Egydio Martins Da Costa; Rua Luis De Aranda,
04913,0,0,8,Rua Jurema Araujo Silveira; Rua Estevao Fernandes; Avenida Inacio Dias Da Silva,
04828,0,0,8,Rua Josefa Vera Garcia; Rua Gregorio De Torres; Rua Nicolas Alfaro,
05742,0,0,8,Rua Cel Junqueira Franco; Avenida Antonio De Salles Penteado; Rua Jose De Almeida Soares,
04477,0,0,8,Rua Riese; Rua Prof Camillo Ashcar; Rua Alta; Rua Nathanael Berg; Rua Graziella Paretto,
05830,0,0,8,Rua Francisco Xavier De Sales; Rua Miguel Correia De Sande; Rua Helena Maria Da Silva; Rua Antonia Andrelina,
04826,0,0,8,Rua Joaquim Francisco Moreira; Rua Liberato Mendes; Rua Da Praia; Rua Julio Kazakevicius; Rua Naima Brein Siufi,
05814,1,0,7,Rua Acedio Jose Fontanete; Rua Pinhal Velho; Rua Aldeia De Joanes; Rua Salgueiro Do Campo; Rua Augusta Costa Batistelli,
04850,0,0,8,Rua Dr Nuno Guerner De Almeida; Rua Olavo Conceicao De Senne; Rua Jose Julio Mendes,
05796,0,0,8,Rua Lanzarote; Rua Lorca; Rua Nainpur; Rua Guaqui; Rua Langanes,
05841,0,0,8,Rua Luciano Silva; Rua Enrico Rossi; Rua Antonio Mulatti; Rua Tte Isaias Branco De Araujo; Rua Manoel Braganca,
05852,2,0,6,Rua Quinta Da Conraria; Rua Maest Marzagao; Rua Angelo Herculano T Da Silva,
04821,0,0,8,Rua Gal Azevedo Pimentel; Rua Ernesto Teotonio; Rua Castro Menezes; Rua Antonio Egidio Martins; Rua Joao Nunes Tinoco,
04923,0,0,8,Rua Pde Claro; Rua Barra Do Batatal; Rua Campos Do Cerrito; Rua Guatapendava; Rua Eng Antonio Alves Braga,
04567,0,0,7,Rua Clarice Biscuolla Castagna; Rua Munduba,
05834,0,0,7,Rua Deocleciano De Oliveira Filho; Rua Vieira Lusitano; Rua Crisor,
05884,0,0,7,Rua Profa Eunice Bechara De Oliveira; Rua Ivor; Rua Maj Benevides Navarro; Rua Gal Vieira Da Rosa; Rua Cleonice,
05812,0,0,7,Rua Frederico Marcicano; Rua Antero Figueiredo Filho; Rua Cedrim,
04846,2,0,5,Avenida Dona Belmira Marin,
05778,0,0,7,Rua Pde Joaquim Correia De Almeida; Rua Leopoldino Jose De Camargo; Rua Isaias Tarandach; Rua Balbina Maria Gomes; Rua Primaveras De Amor,
05712,0,0,7,Rua Dr Jose Carlos De Toledo Piza,
04460,0,0,7,Rua Quinta De Santa Luzia; Rua Dr Jacques Tupinamba,
05853,0,0,7,Rua Armando Duprat; Rua Apolonio De Tiana; Rua Holda Botto Malanconi; Rua Francis Bacon; Rua Quarteto Do Imperador,
05815,0,0,7,Rua Albano Joaquim De Miranda; Travessa Benedito Pedroso Junior; Rua Dr Benedito Arruda Vianna; Rua Jacob Mauricio Ruchti,
05793,0,0,7,Rua Hermes Ribeiro De Freitas; Rua Jose Cabral; Rua Januario Da Cunha Barbosa; Rua Dr Zamitti Mammana,
05864,0,0,7,Rua Vicente Carducho; Rua Francisco Nogueira Silva; Rua Claudio Milano; Rua Coelho Bastos; Rua Nelson De Toledo Ferraz,
05832,0,0,7,Rua Antonio Saraiva; Rua Giosue Carducci; Rua Cristalina,
05767,0,0,7,Rua Profa Nina Stocco; Rua Berco Udler; Rua Francisco Martins Bonilha,
05870,0,0,7,Rua Andrea Briosco; Avenida Visc Do Rio Grande; Rua Aglae Reis; Rua Visc De Cerveira; Rua Pietro Solari,
04831,0,0,7,Rua S Pedro Do Iraxim; Rua Mauesacu; Rua Victor Balaguer; Rua Rabindranat Tagore; Rua Giambattista Vico,
04785,0,0,7,Rua Esparta; Rua Caetano Menino; Rua Joao Carlos De Almeida; Rua Ermelinda Meletti Teldeschi; Avenida Pascoal Da Rocha Falcao,
05758,0,0,6,Rua Heitor Gouvea; Rua Franklin Ribeiro De Almeida; Rua Maria De Lourdes Salomao,
05879,0,0,6,Rua Luar Do Sertao; Rua Fasano; Rua Das Perobeiras; Rua Castellammare,
04906,0,0,6,Estrada Mboi Mirim,
05723,0,0,6,Rua Jose Rodrigues Cardeal; Rua Afonso Vidal; Rua Clermont,
05871,0,0,6,Rua Serafim Alvarez; Rua Carlos Severo; Rua Penha Garcia; Rua Chimborazo; Rua Caetano Soares,
05790,0,0,6,Rua Alvaro Troppmair; Rua Ramona Barroso Fernandez; Rua Prof Joao Gumercindo Guimaraes; Rua Dr Dib Gebara,
04404,0,0,6,Rua Baquirivu; Rua Luis Vives; Rua Jurupema; Rua Poli,
04771,0,0,6,Rua Nicolau Senise; Avenida Juan Esper; Avenida Leblon; Rua Prof Otavio Guimaraes; Avenida Clara Mantelli,
05876,0,0,6,Rua Fernandes Trancoso; Rua Achaira,
05813,0,0,6,Rua Osvaldo Pires Da Silva; Rua Sebastiao Amancio Pinto; Rua Nazareno Pedroso De Oliveira; Rua Joao Do Espirito Santo; Rua Jose Joaquim Esteves,
05892,0,0,6,Rua Eng Felipe Guiton; Rua Giovanni Fasolo; Rua Lucas Jose De Alvarenga; Avenida Dom Rodrigo Sanches,
04464,0,0,6,Rua Rodrigues De Medeiros; Rua Do Mar Paulista; Rua Francesco Borosini; Rua Jacopo Napoli,
05741,0,0,6,Avenida Dr Joao Guimaraes; Rua Dr Brasilio Rodrigues Dos Santos; Rua Mario Augusto De Freitas,
04916,0,0,6,Estrada Da Riviera,
04931,0,0,6,Rua Capao Redondo; Travessa Luiz Sacilotto; Rua Roberto Selmidei,
05787,1,0,5,Estrada Do Campo Limpo,
04461,0,0,6,Rua Jose Martins Coelho; Rua Albertina Mallan Zaffia; Rua Dr Enio Monte Alegre,
04775,0,0,6,Rua Joao De Paula Franco; Rua Prof Oswaldo Quirino Simoes; Rua Oscar Fernandes; Rua Claudino Jose Branco,
04766,0,0,6,Rua Joao De Castro Fragoso; Rua Francisco Mendes; Rua Alexandre Correia Da Silva,
05846,0,0,6,Rua Utuamba; Avenida Fim De Semana; Rua Thereza Mouco De Oliveira,
05761,1,0,5,Rua Ernestina Ribeiro Camilo; Rua Dr Celso Charuri; Rua Joao Brasilino Dos Santos; Rua Henrique Coube,
05850,0,0,5,Rua Guilherme J Klosternecht; Rua Canuto Luiz Do Nascimento; Rua Alexandre Finta; Rua Luisa Mendecino Dos Santos,
04810,0,0,5,Rua Guaiuba; Rua Icanhema,
05743,0,0,5,Rua Dr Nelson De Souza Campos; Rua Prof Indalecio De Melo; Rua Nestor Dos Santos Lima,
04909,0,0,5,Rua Xerimbabo; Rua Pde Rodrigues Fernandes; Rua Quimili; Rua Irutim,
04942,0,0,5,Rua Manuel Da Costa Dantas; Rua Manuel Vitor De Jesus; Rua Agamenon Pereira Da Silva,
04782,0,0,5,Avenida Danton Jobim; Rua Herbert Erich Kremer; Rua Lauzane; Rua Comen Vicente Melillo,
04692,0,0,5,Rua Profa Maria De Lourdes De Snogueira; Rua Maj Claudiano,
05891,0,0,5,Rua Antonio Jose Bentes; Rua Barcosrabelo; Rua Briteiros; Rua Miraima,
04657,0,0,5,Avenida Yervant Kissajikian,
04844,0,0,5,Rua Luigi Cherubini; Rua Jose Flaviano Costa; Rua Xavier De Magalhaes; Rua Nolasco Da Cunha; Rua Antonio Francisco Rosa,
05840,0,0,5,Rua Inacio Da Fonseca; Rua Cel Jaime Rolemberg De Lima; Rua Bernardino Estazione; Rua Aristodemo Gazzotti,
04760,1,0,4,Rua Alexandre Gusmao; Rua Sete De Julho; Rua Antonio Foster,
04406,0,0,5,Rua Prof Edgard Barrozo Do Amaral; Rua Henry Leonardos; Rua Dos Aokis; Rua Prof Antonio Hassum; Rua Prof Moacir Eik Alvaro,
05798,0,0,5,Rua Cooper; Avenida Sabin; Rua Hilario Buzzarello; Rua Celso Ferreira Da Silva; Rua Pedro Faber,
05867,0,0,5,Rua Simao Alves De Almeida; Rua Prof Antonio Austregesilo; Rua Matheus Espinosa Salmeron,
04703,0,0,5,Avenida Morumbi,
05640,0,0,5,Avenida Dr Guilherme Dumont Vilares,
04707,0,1,4,Rua Joaquim Guarani; Rua Joao Rodrigues Machado; Rua Andrea Paulinetti,
04929,0,0,5,Rua Cabral Do Nascimento; Rua Beatriz Campos De Andrade; Avenida Prof Mario Mazagao; Rua Armando Rodrigues Tavares; Rua Ernesto Farrar,
05843,0,0,5,Rua Geraldo Pires Dos S Goncalves; Rua Arraial Dos Couros; Rua Arlindo Fraga De Oliveira,
04905,1,0,4,Estrada Mboi Mirim,
05786,0,0,5,Rua Batista Crespo; Rua Domingos Bicudo; Rua Martinho Vaz De Barros; Rua Bernardo Tavares; Rua Americo Falcao,
04917,0,0,5,Rua John Martin; Rua Cocal; Avenida Guarapiranga; Rua Francisco De Almeida Souza,
04611,0,0,4,Rua Republica Do Iraque,
04911,0,0,4,Avenida Guarapiranga; Rua Cosme Da Silveira,
04805,0,0,4,Avenida Atlantica; Rua Arnaldo Vilhena; Rua Gomes Pedrosa,
04505,0,0,4,Avenida Sto Amaro,
04419,0,0,4,Avenida Pedro De Avos; Rua Jorge De Aguiar; Rua Miguel Pinheiro De Azurara,
05766,0,0,4,Rua Chico Lupia,
05773,0,0,4,Rua Bernardo Correia Leitao; Rua Inacio Manuel Tourinho,
05749,0,0,4,Rua Jose Maria Pinto Zilli; Rua Miguel Masi Neto; Rua Matriz De Camaragibe,
05745,0,0,4,Rua Wilson Moreira Da Costa,
04604,0,0,4,Avenida Ver Jose Diniz,
05784,1,0,3,Rua Carubinha; Rua Cauame; Rua Martim Cabral,
04803,0,0,4,Rua Augusto Correia; Rua Manuel Fandinho; Rua Mackenzie,
05818,0,0,4,Rua Amaro Velho; Rua Guilherme Valente,
04928,0,0,4,Rua Diego Suarez; Rua Francisco De Paula Filho; Rua Parapeti,
05750,0,0,4,Rua Diogo Pereira; Rua Renea Ferreira De Castilho; Rua Sebastiana Da Cunha Bueno,
05857,0,0,4,Rua Lago Vitoria; Rua Antonio Pereira De Sa,
04842,0,0,4,Rua Joao Batista Barrozo Filho; Rua Jose Carlos Heffner; Rua Jonatas Serrano; Rua Aurilia Ribeiro Da Silva,
04609,0,0,4,Rua Joao Alvares Soares,
04748,0,0,4,Rua Vig Joao De Pontes; Rua Dr Artur Orlando Silva,
05888,0,0,4,Rua Floriano Peixoto Lisboa; Rua Moacir Tavares De Paiva; Rua Antonio Forlenza; Rua Prof Gastao Ramos,
05861,0,0,4,Rua Ivan Martos; Rua Antonio Costa Ernesto; Rua Hildegard Jurgenfeld; Rua Eduardo Jurgenfeld,
05831,0,0,4,Rua Teodosio De Saavedra; Rua Diogo Rodrigues Salamanca; Rua Jose Josafa De Araujo,
04439,0,0,4,Rua Amedeo Bassi; Rua Angelica Catalani,
04945,0,0,4,Rua Jaime Treiger; Rua Castro Lopes; Rua Lendinara,
05854,1,0,3,Rua Dr Sergio Jabur Maluf; Rua Cabo Estacio Da Conceicao,
04385,0,0,4,Rua Margarida Zingg; Rua Visc De Santa Isabel; Rua Leonidas Vilhena De Carvalho,
05765,0,0,4,Rua Carualina; Rua Cintra Pimentel; Rua Alessandro Algardi,
04638,0,0,4,Rua Bolivar; Rua Santos Dumont; Rua Jose Schmidt; Rua Jose Antonio Morais,
01999,0,0,3,Rua Djavan,
04858,0,0,3,Rua Constelacao Do Caranguejo; Rua Satelite Europa; Rua Arcelina Teixeira Da Silva,
04335,1,0,2,Rua Velho Mundo; Rua Cinco De Outubro,
05715,0,0,3,Rua Dep Joao Sussumu Hirata,
04915,0,0,3,Rua Gaspar Do Rego Figueiredo; Rua Domingos Furtado; Rua Joao Filipe,
04426,0,0,3,Rua Brigida Banti; Rua Zavuvus; Rua Giuseppe Boschi,
04926,0,0,3,Rua Jose Elpideo Dias Camargo; Rua Platanales,
05792,0,0,3,Rua Amacas; Rua Crestins; Rua Atucupe,
04410,0,0,3,Rua Liberalina; Rua Angelo Dedivitis; Rua Virgilio Goncalves Leite,
04626,0,0,3,Avenida Washington Luis,
04813,0,0,3,Rua Ruy Cinatti; Rua Jose Bonifacio Filho; Travessa Profa Aurea Dos Humildes Oliveira,
04856,0,0,3,Rua Antonio Salim Hissa Filho; Avenida Antonio Carlos B Dos Santos; Rua Alm Antonio Carlos Raja Gabaglia,
04950,0,0,3,Rua Utucura,
04767,0,0,3,Rua Pedro Molini,
04944,0,0,3,Rua Dos Xambores; Rua Dos Pacus,
04466,0,0,3,Rua Rita Mathilde Costa; Rua Catharina Marrone,
05855,0,0,3,Rua Paulino Vital De Morais; Rua Landolfo De Andrade,
04783,0,0,3,Rua S Fortunato; Rua Dr Oscar Fernandes Martins,
04789,1,0,2,Avenida Silvio Sciumbata; Rua Willy Aureli,
05795,0,0,3,Rua Prof Dirceu Neves; Rua Rev Peixoto Da Silva; Rua Prof Gianfederico Porta,
05848,0,0,3,Rua Calil Jorge Calixto; Rua Nelson Alves Filgueiras; Avenida Agostinho Rubin,
05883,0,0,3,Rua Rosario Scamardi; Rua Henrique Reichmann; Rua Bairrada,
04411,0,0,3,Rua Sta Cruz Do Rio Pardo; Rua S Joao Da Boa Vista,
05706,0,0,3,Rua Dep Laercio Corte,
04436,0,0,3,Rua Aleixo Leme Dos Reis; Rua Diogo Vidigal; Rua Cristovao Lins De Vasconcelos,
04610,0,0,3,Rua Zacarias De Gois,
04837,0,0,3,Rua Jose Rodrigues Dos Reis; Rua Jacopo Torriti; Rua Taquapiri,
04845,0,0,3,Rua Elisia Goncalves Barselos; Rua Bento De Assis Marques; Rua Filino Pereira Da Silva,
05851,0,0,3,Rua Eng Roberto Barbetta; Rua Max Satzke; Rua Prof Horacio Quaglio,
04506,1,0,2,Avenida Sto Amaro,
04408,0,0,2,Rua Conchas,
04921,0,0,2,Rua Waldomiro De Carvalho,
04330,0,0,2,Rua Guian,
05805,0,0,2,Rua Dr Jose Da Mata Cardim; Rua Jorge Fares,
04773,0,0,2,Rua Antenor Bettarello; Rua Joao Guilherme De Brito,
05759,0,0,2,Rua Gilson Rocha Pitta; Rua Celso Mesquita Leite,
05692,0,0,2,Rua Gal Pereira Da Cunha,
04943,0,0,2,Rua Sta Sofia; Rua Omicron,
04951,0,0,2,Rua Catangua; Avenida Peratuba,
05872,0,0,2,Rua Chaguaramas; Rua Diego De Siloe,
05887,0,0,2,Rua Anumpreto; Rua Anumbranco,
04581,0,0,2,Rua Roque Petrella; Rua Pascoal Pais,
04781,0,0,2,Rua Washington Rocha; Rua Maria Aparecida Cardia,
05873,0,0,2,Rua Tijuape; Rua Cipotuba,
04376,0,0,2,Rua Gustavo Da Silveira,
05881,0,0,2,Rua Jaime Guimaraes Costa; Rua Durval Furtado De Mello,
05791,0,0,2,Rua Koto Mitsutani; Rua Domingos Sequeira,
04816,0,0,2,Rua Durval De Morais; Rua Dr Saulo De Castro Bicudo,
05781,0,0,2,Rua Guanaja; Rua Lodeve,
04615,0,0,2,Rua Dr Jesuino Maciel,
05728,0,0,2,Rua Castelhano,
05726,0,0,2,Rua Jose Da Silva Ribeiro; Rua Jose Coimbra,
04910,0,0,2,Rua Fan; Rua Republica De El Salvador,
05760,0,0,2,Rua Afonso Lopes De Almeida; Rua Luiza De Castro Nascimento,
04345,0,0,2,Rua Tte Mauro De Miranda; Rua Tte Ubirajara Monory,
04417,0,0,2,Rua Maria Conceicao M Miragaia,
05707,0,0,2,Rua Itapaiuna,
04409,0,0,2,Rua Past Rubens Lopes,
04912,0,0,2,Rua Quetena; Avenida Agenor De Oliveira,
05785,0,0,2,Rua Comen Angelo Rinaldi,
01408,1,0,1,Alameda Casa Branca,
04883,1,0,1,Rua Tancredo Sansone,
05788,0,0,2,Rua Louis Boulanger,
05866,0,0,2,Avenida Comen Santanna,
04854,0,0,2,Rua Lodovico Zacconi; Rua Jupyra Cunha Marcondes,
05890,0,0,2,Rua Sebastian De Arteaga; Avenida Felipe Carrillo Puerto,
04624,0,0,1,Rua Gutemberg,
01315,0,0,1,Rua Sto Amaro,
04425,0,0,1,Rua Do Guaicuri,
01532,0,0,1,Rua Carlos Chagas,
04379,0,0,1,Rua Emilio De Sousa Docca,
04412,0,0,1,Rua Ernesto Van Dyck,
04523,0,0,1,Alameda Jauaperi,
04334,0,0,1,Rua Agapito Jose Da Silva,
04351,0,0,1,Rua Daoud Habib Gebara,
04359,0,0,1,Rua Acacio Vasconcelos,
04355,0,0,1,Rua Tobias Monteiro,
04356,0,0,1,Rua Simoes Pinto,
04960,0,0,1,Rua Jose Goes,
04339,0,0,1,Rua Torroselas,
05858,0,0,1,Rua Jose Gomes,
04547,0,0,1,Rua Gomes De Carvalho,
05632,0,0,1,Rua Eusebio Da Costa Braga,
04772,0,0,1,Rua Valentim Ramos Delano,
04620,0,0,1,Rua Cristovao Pereira,
04637,0,0,1,Rua Do Meson,
04925,0,0,1,Rua Joao Antonio Braz,
04105,0,0,1,Rua Topazio,
04416,0,0,1,Rua Eduardo Acevedo,
04935,0,0,1,Estrada Mboi Mirim,
04562,0,0,1,Rua Indiana,
04635,0,0,1,Avenida Doria,
04332,0,0,1,Rua Esmeralda Monteiro,
04364,0,0,1,Rua Maraipe,
04366,0,0,1,Avenida Cupece,
05823,0,0,1,Rua Baltazar Gomes Azevedo,
04338,0,0,1,Rua Limburgo,
04922,0,0,1,Rua Itupu,
04386,0,0,1,Rua Soares Passos,
04947,0,0,1,Estrada Da Cumbica,
05665,0,0,1,Rua Dr Laerte Setubal,
04550,0,0,1,Rua Alvorada,
04602,0,0,1,Rua Br Do Triunfo,
04814,0,0,1,Rua Eugenio De Andrade,
04413,0,0,1,Estrada Antiga Do Mar,
04357,0,0,1,Rua Haroldo Paranhos,
03123,0,0,1,Rua Henrique Peres,
04270,0,0,1,Rua Dr Mario Vicente,
04347,0,0,1,Rua Vieira Portuense,
04580,0,0,1,Rua Bartolomeu Feio,
04920,0,0,1,Avenida Alexandrina Malisano De Lima,
04841,0,0,1,Rua Profa Herminia Cavezzalli Sampaio,
04777,0,0,1,Avenida Interlagos,
04370,0,0,1,Rua Angelina Vieira Frank,
04365,0,0,1,Avenida Cupece,
05789,0,0,1,Avenida Carlos Lacerda,
04833,0,0,1,Avenida Sen Teotonio Vilela,
05819,0,0,1,Rua Vicente Decara Neto,
05718,0,0,1,Rua Del Moraes Novaes,
05762,0,0,1,Rua Prof Oscar Campiglia,
04848,0,0,1,Avenida Joaquim Napoleao Machado,
04618,0,0,1,Rua Joao De Sousa Dias,
04965,0,0,1,Rua Bernardo Clavijo,
04853,0,0,1,Rua Tomas Iriarte,
05634,1,0,0,Rua Osiris Magalhaes De Almeida,
04556,0,0,1,Avenida Sto Amaro,
04774,0,0,1,Rua Pomelo,
04119,0,0,1,Rua Timburiba,
04428,0,0,1,Avenida Yervant Kissajikian,
05735,0,0,1,Rua Castanho Mirim,
03001,0,0,1,Avenida Rangel Pestana,
04787,0,0,1,Rua Imuris,
04654,0,0,1,Rua Juca De Azevedo,
05893,0,0,1,Rua Charles Garnier,
04896,0,0,1,Rua Tomas Salini,
04864,0,0,1,Avenida Sen Teotonio Vilela,
04545,0,0,1,Rua Dr Ivo Define Frasca,
04415,0,0,1,Rua Bilbao,
04612,0,0,1,Avenida Da Invernada,
05894,0,0,1,Rua Teixeira De Pascoais,
